"League","Match_Date","Matchweek","Home_Team","Home_Formation","Home_Possession","Home_Success_Pass","Home_Pass","Home_Passing_Accuracy","Home_Fouls","Home_Corners","Home_Crosses","Home_Touches","Home_Tackles","Home_Interceptions","Home_Aerials_Won","Home_Clearances","Home_Offsides","Home_Goal_Kicks","Home_Throw_Ins","Home_Long_Balls","Home_Yellow_Cards","Home_Red_Cards","Away_Team","Away_Formation","Away_Possession","Away_Success_Pass","Away_Pass","Away_Passing_Accuracy","Away_Fouls","Away_Corners","Away_Crosses","Away_Touches","Away_Tackles","Away_Interceptions","Away_Aerials_Won","Away_Clearances","Away_Offsides","Away_Goal_Kicks","Away_Throw_Ins","Away_Long_Balls","Away_Yellow_Cards","Away_Red_Cards","Game_URL"
"La Liga","2023-11-25","La Liga (Matchweek 14)","Getafe","4-4-2",53,342,470,73,12,3,18,595,15,7,27,20,1,9,22,84,"2","0","Almería","4-2-3-1",47,273,415,66,8,6,16,540,21,8,20,14,4,10,28,83,"4","0","https://fbref.com/en/matches/db6cf568/Getafe-Almeria-November-25-2023-La-Liga"
"La Liga","2024-01-20","La Liga (Matchweek 21)","Villarreal","4-4-2",51,380,481,79,13,4,16,615,22,11,18,26,0,5,24,63,"2","1","Mallorca","5-4-1",49,336,459,73,11,6,26,574,22,9,13,20,2,8,16,82,"2","0","https://fbref.com/en/matches/bf30b05f/Villarreal-Mallorca-January-20-2024-La-Liga"
"La Liga","2024-04-29","La Liga (Matchweek 33)","Barcelona","4-3-3",81,713,800,89,12,15,29,913,10,7,12,4,2,1,20,69,"1","0","Valencia","4-4-2",19,112,192,58,5,1,6,292,15,9,5,21,2,10,11,56,"0","1","https://fbref.com/en/matches/c5942116/Barcelona-Valencia-April-29-2024-La-Liga"
"La Liga","2024-04-26","La Liga (Matchweek 33)","Real Sociedad","4-1-4-1",56,479,575,83,13,11,28,669,14,7,15,6,2,0,23,56,"3","0","Real Madrid","4-2-3-1",44,370,455,81,11,3,6,543,14,6,24,27,4,10,20,63,"4","0","https://fbref.com/en/matches/3edf4d41/Real-Sociedad-Real-Madrid-April-26-2024-La-Liga"
"La Liga","2024-01-04","La Liga (Matchweek 19)","Las Palmas","4-3-3",44,340,424,80,14,5,10,540,10,9,4,44,2,8,10,56,"5","1","Barcelona","4-3-3",56,443,549,81,5,10,23,641,14,9,11,7,14,6,26,59,"2","0","https://fbref.com/en/matches/2181388a/Las-Palmas-Barcelona-January-4-2024-La-Liga"
"La Liga","2023-12-02","La Liga (Matchweek 15)","Osasuna","5-3-2",29,171,271,63,12,1,13,392,13,5,30,38,1,14,23,86,"3","0","Real Sociedad","4-3-3",71,551,655,84,10,8,35,766,16,6,27,16,5,6,21,74,"3","0","https://fbref.com/en/matches/5d28eb72/Osasuna-Real-Sociedad-December-2-2023-La-Liga"
"La Liga","2023-11-05","La Liga (Matchweek 12)","Real Madrid","4-3-1-2",63,501,598,84,12,11,31,701,19,9,13,7,2,2,24,47,"3","0","Rayo Vallecano","4-1-4-1",37,259,351,74,15,1,9,479,24,7,7,36,2,17,17,74,"5","0","https://fbref.com/en/matches/ff452d69/Real-Madrid-Rayo-Vallecano-November-5-2023-La-Liga"
"La Liga","2024-02-11","La Liga (Matchweek 24)","Mallorca","5-4-1",49,309,452,68,17,5,18,564,18,10,31,18,2,8,18,101,"4","0","Rayo Vallecano","4-2-3-1",51,345,474,73,11,1,13,598,11,13,24,26,1,5,25,83,"0","0","https://fbref.com/en/matches/35c12a15/Mallorca-Rayo-Vallecano-February-11-2024-La-Liga"
"La Liga","2024-02-03","La Liga (Matchweek 23)","Valencia","4-4-2",48,309,426,73,17,0,21,530,17,9,7,22,2,5,31,79,"4","0","Almería","4-2-3-1",52,348,454,77,16,6,15,573,13,8,21,23,1,3,29,78,"5","1","https://fbref.com/en/matches/149141f2/Valencia-Almeria-February-3-2024-La-Liga"
"La Liga","2023-09-17","La Liga (Matchweek 5)","Real Madrid","4-1-2-1-2",52,477,558,85,11,4,19,667,16,11,14,15,3,8,20,67,"3","0","Real Sociedad","4-3-3",48,448,521,86,14,3,12,635,15,12,7,23,2,5,17,57,"2","0","https://fbref.com/en/matches/c0a04549/Real-Madrid-Real-Sociedad-September-17-2023-La-Liga"
"La Liga","2024-03-17","La Liga (Matchweek 29)","Sevilla","5-3-2",35,296,378,78,13,3,10,468,14,3,14,23,1,9,21,68,"4","0","Celta Vigo","3-4-3",65,615,698,88,6,8,17,805,14,5,7,17,3,10,21,48,"0","0","https://fbref.com/en/matches/677dc25e/Sevilla-Celta-Vigo-March-17-2024-La-Liga"
"La Liga","2024-02-10","La Liga (Matchweek 24)","Las Palmas","4-5-1",72,677,777,87,9,5,23,878,18,7,7,14,1,7,31,70,"2","0","Valencia","4-4-2",28,194,305,64,9,0,11,398,21,6,6,22,4,5,24,66,"0","0","https://fbref.com/en/matches/8635863c/Las-Palmas-Valencia-February-10-2024-La-Liga"
"La Liga","2024-01-21","La Liga (Matchweek 21)","Osasuna","3-5-2",43,200,321,62,14,1,17,449,10,8,33,46,7,4,20,82,"5","0","Getafe","4-4-2",57,292,425,69,16,4,23,530,10,9,13,17,6,6,20,105,"4","0","https://fbref.com/en/matches/92457ba9/Osasuna-Getafe-January-21-2024-La-Liga"
"La Liga","2023-12-10","La Liga (Matchweek 16)","Cádiz","4-4-2",45,228,367,62,15,2,19,487,11,4,25,26,8,4,33,98,"1","0","Osasuna","4-3-3",55,324,449,72,16,4,20,566,15,8,24,21,2,7,25,79,"2","0","https://fbref.com/en/matches/7c80b72c/Cadiz-Osasuna-December-10-2023-La-Liga"
"La Liga","2023-12-17","La Liga (Matchweek 17)","Real Madrid","4-4-2",60,604,679,89,14,14,19,772,14,7,4,6,4,6,6,57,"2","0","Villarreal","4-4-2",40,383,458,84,12,0,7,562,15,8,4,24,0,9,14,46,"3","0","https://fbref.com/en/matches/7cbfb8ee/Real-Madrid-Villarreal-December-17-2023-La-Liga"
"La Liga","2024-03-15","La Liga (Matchweek 29)","Real Sociedad","4-3-3",63,493,621,79,15,8,15,722,15,5,36,9,1,6,24,85,"3","0","Cádiz","4-4-2",37,239,359,67,6,2,9,473,14,4,15,18,5,9,12,79,"1","0","https://fbref.com/en/matches/f6be96b2/Real-Sociedad-Cadiz-March-15-2024-La-Liga"
"La Liga","2024-01-27","La Liga (Matchweek 22)","Real Sociedad","5-3-2",51,315,434,73,16,2,14,560,23,10,15,22,7,7,19,60,"2","0","Rayo Vallecano","4-4-2",49,287,416,69,14,2,9,531,17,8,16,26,1,6,34,80,"4","0","https://fbref.com/en/matches/72e78a1f/Real-Sociedad-Rayo-Vallecano-January-27-2024-La-Liga"
"La Liga","2024-01-31","La Liga (Matchweek 20)","Atlético Madrid","3-5-2",54,425,533,80,11,5,17,641,22,8,17,17,7,8,23,47,"0","0","Rayo Vallecano","3-4-3",46,343,448,77,13,6,15,570,13,13,7,21,0,9,20,73,"3","0","https://fbref.com/en/matches/cbaaa323/Atletico-Madrid-Rayo-Vallecano-January-31-2024-La-Liga"
"La Liga","2024-01-27","La Liga (Matchweek 22)","Mallorca","5-3-2",53,447,547,82,14,5,23,638,16,3,19,14,2,4,19,79,"2","0","Real Betis","4-2-3-1",47,384,469,82,6,4,12,574,10,8,16,29,0,13,18,69,"1","0","https://fbref.com/en/matches/c9ebb8f9/Mallorca-Real-Betis-January-27-2024-La-Liga"
"La Liga","2023-09-24","La Liga (Matchweek 6)","Real Sociedad","4-4-2",61,420,528,80,13,2,12,630,11,5,23,16,3,5,20,72,"3","0","Getafe","4-2-3-1",39,223,339,66,24,1,17,427,19,5,32,10,1,8,17,73,"2","0","https://fbref.com/en/matches/3e8c7ee8/Real-Sociedad-Getafe-September-24-2023-La-Liga"
"La Liga","2023-10-29","La Liga (Matchweek 11)","Athletic Club","4-2-3-1",57,446,564,79,11,10,29,685,21,6,22,13,3,6,31,70,"3","0","Valencia","4-4-2",43,303,423,72,9,4,11,559,32,14,16,27,2,8,26,80,"1","0","https://fbref.com/en/matches/73bdd066/Athletic-Club-Valencia-October-29-2023-La-Liga"
"La Liga","2024-04-20","La Liga (Matchweek 32)","Celta Vigo","3-4-3",32,310,386,80,10,8,13,495,24,7,12,11,6,7,19,55,"1","0","Las Palmas","4-5-1",68,722,803,90,9,4,11,905,19,5,6,18,1,9,18,40,"0","0","https://fbref.com/en/matches/a3ba5e25/Celta-Vigo-Las-Palmas-April-20-2024-La-Liga"
"La Liga","2023-09-24","La Liga (Matchweek 6)","Las Palmas","4-5-1",56,376,474,79,13,6,15,601,23,7,20,28,4,7,10,56,"8","1","Granada","4-4-1-1",44,240,366,66,19,7,23,455,16,4,18,12,5,7,22,67,"4","0","https://fbref.com/en/matches/0cfa1fb6/Las-Palmas-Granada-September-24-2023-La-Liga"
"La Liga","2023-09-17","La Liga (Matchweek 5)","Getafe","4-4-2",44,262,398,66,15,6,21,492,9,6,23,17,0,9,22,111,"6","1","Osasuna","4-3-3",56,357,498,72,11,3,15,590,10,8,31,25,7,1,32,110,"2","0","https://fbref.com/en/matches/c12983f1/Getafe-Osasuna-September-17-2023-La-Liga"
"La Liga","2024-01-29","La Liga (Matchweek 22)","Getafe","4-4-2",40,232,365,64,17,4,20,458,12,5,21,25,4,11,21,101,"2","0","Granada","4-3-3",60,433,557,78,11,3,21,655,12,4,22,22,5,4,18,78,"1","0","https://fbref.com/en/matches/adf50a1d/Getafe-Granada-January-29-2024-La-Liga"
"La Liga","2024-02-11","La Liga (Matchweek 24)","Sevilla","4-4-2",38,337,413,82,8,2,13,527,23,12,13,27,2,10,10,57,"2","0","Atlético Madrid","3-5-2",62,576,673,86,5,7,22,775,15,5,7,17,4,6,26,51,"1","0","https://fbref.com/en/matches/dd0585e1/Sevilla-Atletico-Madrid-February-11-2024-La-Liga"
"La Liga","2023-11-29","La Liga (Matchweek 13)","Mallorca","5-3-2",67,374,507,74,14,7,35,603,7,6,29,11,4,6,31,87,"2","0","Cádiz","4-4-2",33,139,245,57,18,0,8,380,19,10,22,43,0,16,20,84,"3","0","https://fbref.com/en/matches/12f1bd76/Mallorca-Cadiz-November-29-2023-La-Liga"
"La Liga","2023-09-18","La Liga (Matchweek 5)","Granada","4-4-2",43,285,370,77,13,4,24,479,19,5,17,11,3,3,28,57,"3","0","Girona","4-1-4-1",57,412,492,84,21,5,16,607,21,2,4,23,5,5,23,65,"3","0","https://fbref.com/en/matches/5f245c9f/Granada-Girona-September-18-2023-La-Liga"
"La Liga","2024-03-16","La Liga (Matchweek 29)","Osasuna","3-5-2",36,269,355,76,18,5,22,467,16,3,11,16,1,7,14,69,"3","0","Real Madrid","4-3-3",64,529,619,85,8,7,7,729,19,2,13,17,3,10,25,66,"2","0","https://fbref.com/en/matches/132fdf9c/Osasuna-Real-Madrid-March-16-2024-La-Liga"
"La Liga","2023-10-22","La Liga (Matchweek 10)","Barcelona","4-3-3",62,484,576,84,11,4,13,682,15,8,3,12,4,8,21,82,"3","0","Athletic Club","4-2-3-1",38,260,354,73,18,7,21,456,10,5,10,16,4,8,18,69,"3","0","https://fbref.com/en/matches/5be40f3e/Barcelona-Athletic-Club-October-22-2023-La-Liga"
"La Liga","2023-08-12","La Liga (Matchweek 1)","Las Palmas","4-5-1",68,542,636,85,11,3,5,738,14,9,14,19,1,8,24,49,"3","0","Mallorca","5-3-2",32,202,302,67,22,6,17,393,25,15,15,7,6,1,22,68,"2","0","https://fbref.com/en/matches/8c6555db/Las-Palmas-Mallorca-August-12-2023-La-Liga"
"La Liga","2023-09-26","La Liga (Matchweek 7)","Sevilla","4-2-3-1",46,315,408,77,15,9,24,524,17,5,19,23,0,7,16,61,"3","0","Almería","4-4-2",54,381,477,80,16,4,23,572,12,6,14,15,2,5,25,73,"2","0","https://fbref.com/en/matches/1a0a12f3/Sevilla-Almeria-September-26-2023-La-Liga"
"La Liga","2023-12-15","La Liga (Matchweek 17)","Osasuna","4-3-3",60,365,497,73,20,9,29,578,8,2,24,15,0,8,22,87,"2","0","Rayo Vallecano","4-4-2",40,217,326,67,13,1,12,445,11,12,23,25,3,8,22,77,"3","0","https://fbref.com/en/matches/781d0d19/Osasuna-Rayo-Vallecano-December-15-2023-La-Liga"
"La Liga","2024-02-03","La Liga (Matchweek 23)","Alavés","4-2-3-1",36,240,330,73,15,13,40,408,14,8,17,12,3,1,14,58,"2","0","Barcelona","4-3-3",64,507,581,87,10,5,11,689,13,6,10,32,1,13,13,56,"3","1","https://fbref.com/en/matches/37151033/Alaves-Barcelona-February-3-2024-La-Liga"
"La Liga","2023-08-13","La Liga (Matchweek 1)","Villarreal","4-3-3",63,511,604,85,13,9,19,721,23,12,22,8,2,4,21,50,"1","0","Real Betis","4-2-3-1",37,273,350,78,17,4,14,485,25,16,6,19,1,6,14,49,"3","0","https://fbref.com/en/matches/b8258a85/Villarreal-Real-Betis-August-13-2023-La-Liga"
"La Liga","2023-11-06","La Liga (Matchweek 12)","Getafe","4-4-2",45,246,367,67,18,6,18,484,11,9,23,20,1,12,28,90,"8","1","Cádiz","4-4-2",55,314,441,71,12,3,20,544,15,9,17,21,5,8,22,91,"1","0","https://fbref.com/en/matches/ed5f02e2/Getafe-Cadiz-November-6-2023-La-Liga"
"La Liga","2023-10-08","La Liga (Matchweek 9)","Alavés","4-2-3-1",40,285,389,73,13,5,23,492,11,11,10,17,1,6,23,62,"3","0","Real Betis","4-2-3-1",60,486,592,82,9,3,15,696,10,8,5,12,1,16,18,66,"3","1","https://fbref.com/en/matches/68a32c10/Alaves-Real-Betis-October-8-2023-La-Liga"
"La Liga","2024-04-21","La Liga (Matchweek 32)","Alavés","4-2-3-1",32,178,270,66,20,1,18,392,13,9,12,35,0,7,18,71,"5","0","Atlético Madrid","3-5-2",68,477,585,82,12,11,29,685,16,2,14,20,1,6,24,76,"3","0","https://fbref.com/en/matches/b40183ad/Alaves-Atletico-Madrid-April-21-2024-La-Liga"
"La Liga","2024-04-27","La Liga (Matchweek 33)","Atlético Madrid","3-5-2",42,374,478,78,16,3,11,568,15,7,13,28,1,7,16,66,"3","0","Athletic Club","4-2-3-1",58,555,647,86,15,5,31,743,13,11,9,11,0,4,18,56,"2","0","https://fbref.com/en/matches/a0a9d4cf/Atletico-Madrid-Athletic-Club-April-27-2024-La-Liga"
"La Liga","2023-12-20","La Liga (Matchweek 18)","Barcelona","4-3-3",65,547,621,88,16,12,16,724,11,7,21,9,3,4,14,43,"3","0","Almería","5-3-2",35,243,335,73,9,0,7,435,20,4,8,25,3,15,7,61,"3","0","https://fbref.com/en/matches/cb6ccdca/Barcelona-Almeria-December-20-2023-La-Liga"
"La Liga","2024-02-10","La Liga (Matchweek 24)","Real Madrid","4-3-1-2",53,557,603,92,9,0,8,688,8,4,4,16,0,9,10,50,"1","0","Girona","4-2-3-1",47,482,536,90,12,2,16,605,10,8,3,9,0,7,16,31,"2","0","https://fbref.com/en/matches/501f00a9/Real-Madrid-Girona-February-10-2024-La-Liga"
"La Liga","2023-12-17","La Liga (Matchweek 17)","Real Sociedad","4-3-3",57,453,541,84,12,2,13,658,21,4,16,21,5,6,20,66,"3","0","Real Betis","4-2-3-1",43,308,401,77,12,7,14,522,27,5,15,29,1,6,17,62,"4","0","https://fbref.com/en/matches/5c3fe234/Real-Sociedad-Real-Betis-December-17-2023-La-Liga"
"La Liga","2023-08-19","La Liga (Matchweek 2)","Almería","4-2-3-1",43,394,471,84,10,4,26,587,17,11,10,20,1,13,10,58,"1","0","Real Madrid","4-3-1-2",57,548,622,88,13,5,26,736,14,10,8,19,4,10,19,43,"0","0","https://fbref.com/en/matches/33737218/Almeria-Real-Madrid-August-19-2023-La-Liga"
"La Liga","2023-09-03","La Liga (Matchweek 4)","Girona","4-1-4-1",46,374,449,83,15,3,18,552,18,8,9,12,4,5,13,45,"3","0","Las Palmas","4-2-3-1",54,441,524,84,10,5,15,617,15,5,9,17,0,5,18,58,"3","0","https://fbref.com/en/matches/8dd16257/Girona-Las-Palmas-September-3-2023-La-Liga"
"La Liga","2024-01-28","La Liga (Matchweek 22)","Cádiz","4-4-2",44,273,391,70,13,6,19,513,21,8,14,23,2,7,27,88,"4","0","Athletic Club","4-2-3-1",56,396,501,79,14,6,21,619,21,10,20,14,0,9,21,67,"2","0","https://fbref.com/en/matches/01dea01a/Cadiz-Athletic-Club-January-28-2024-La-Liga"
"La Liga","2024-02-16","La Liga (Matchweek 25)","Villarreal","4-4-2",55,377,507,74,13,8,12,632,11,8,22,17,6,7,19,83,"0","0","Getafe","4-4-2",45,261,411,64,13,3,13,516,11,5,19,20,2,5,24,101,"1","0","https://fbref.com/en/matches/39eb65ce/Villarreal-Getafe-February-16-2024-La-Liga"
"La Liga","2023-12-08","La Liga (Matchweek 16)","Getafe","4-4-2",69,495,652,76,15,7,38,752,15,5,30,10,2,7,26,111,"2","1","Valencia","4-4-2",31,163,290,56,15,0,6,392,10,6,18,46,1,8,15,82,"5","2","https://fbref.com/en/matches/ecf11fd1/Getafe-Valencia-December-8-2023-La-Liga"
"La Liga","2023-09-03","La Liga (Matchweek 4)","Mallorca","5-3-2",33,159,275,58,12,3,9,405,25,10,22,35,5,11,12,90,"0","0","Athletic Club","4-2-3-1",67,427,547,78,17,5,31,640,7,4,19,7,4,8,26,69,"1","0","https://fbref.com/en/matches/046e92d8/Mallorca-Athletic-Club-September-3-2023-La-Liga"
"La Liga","2023-11-05","La Liga (Matchweek 12)","Villarreal","4-4-2",58,481,575,84,11,9,21,706,22,7,13,19,5,8,19,69,"4","0","Athletic Club","4-2-3-1",43,315,425,74,18,3,12,542,21,8,9,19,5,10,17,61,"4","0","https://fbref.com/en/matches/d3edf2ae/Villarreal-Athletic-Club-November-5-2023-La-Liga"
"La Liga","2024-01-13","La Liga (Matchweek 20)","Mallorca","5-4-1",57,363,481,75,18,10,27,619,19,17,29,11,1,7,30,79,"4","0","Celta Vigo","5-3-2",43,271,369,73,18,1,10,529,28,8,22,32,0,11,18,55,"1","0","https://fbref.com/en/matches/62bdac3e/Mallorca-Celta-Vigo-January-13-2024-La-Liga"
"La Liga","2023-11-11","La Liga (Matchweek 13)","Granada","4-2-2-2",58,379,520,73,14,3,14,634,15,5,19,17,5,7,25,79,"4","0","Getafe","4-2-3-1",42,240,379,63,9,5,18,518,28,9,14,19,3,6,24,116,"2","0","https://fbref.com/en/matches/da4c3931/Granada-Getafe-November-11-2023-La-Liga"
"La Liga","2023-12-03","La Liga (Matchweek 15)","Almería","4-2-3-1",62,442,560,79,12,4,26,684,28,12,21,19,4,4,24,72,"0","0","Real Betis","4-4-1-1",38,232,349,66,8,6,12,450,6,12,12,24,1,10,27,85,"3","1","https://fbref.com/en/matches/90d64d3b/Almeria-Real-Betis-December-3-2023-La-Liga"
"La Liga","2024-02-18","La Liga (Matchweek 25)","Granada","4-3-3",58,401,504,80,13,10,26,610,19,7,10,15,0,10,20,77,"2","0","Almería","4-2-3-1",42,270,361,75,22,4,18,499,18,6,9,42,3,8,17,66,"3","0","https://fbref.com/en/matches/5843757f/Granada-Almeria-February-18-2024-La-Liga"
"La Liga","2023-11-26","La Liga (Matchweek 14)","Cádiz","5-4-1",39,370,448,83,16,4,24,539,20,6,5,11,1,7,16,57,"3","0","Real Madrid","4-2-2-2",61,622,687,91,16,4,12,790,15,7,8,15,1,6,13,51,"3","0","https://fbref.com/en/matches/5d52e4e2/Cadiz-Real-Madrid-November-26-2023-La-Liga"
"La Liga","2024-02-23","La Liga (Matchweek 26)","Real Sociedad","4-1-4-1",70,544,648,84,15,13,40,740,14,11,20,13,4,2,27,54,"3","0","Villarreal","4-4-2",30,204,281,73,14,2,6,397,12,10,13,39,1,13,18,62,"4","0","https://fbref.com/en/matches/4c975b7e/Real-Sociedad-Villarreal-February-23-2024-La-Liga"
"La Liga","2023-11-04","La Liga (Matchweek 12)","Osasuna","4-2-3-1",50,381,478,80,14,2,19,565,14,7,10,17,0,15,18,76,"5","0","Girona","3-4-3",50,391,475,82,10,7,24,582,6,9,14,20,5,7,8,49,"3","0","https://fbref.com/en/matches/2060ad55/Osasuna-Girona-November-4-2023-La-Liga"
"La Liga","2023-12-03","La Liga (Matchweek 15)","Barcelona","4-3-3",58,578,648,89,17,7,16,748,11,11,6,13,1,5,13,44,"5","0","Atlético Madrid","5-3-2",42,385,465,83,12,2,14,551,19,7,6,13,4,10,15,35,"4","0","https://fbref.com/en/matches/0012462a/Barcelona-Atletico-Madrid-December-3-2023-La-Liga"
"La Liga","2023-09-23","La Liga (Matchweek 6)","Girona","4-1-4-1",56,492,568,87,10,6,20,662,12,4,10,10,1,6,15,51,"1","0","Mallorca","5-4-1",44,365,443,82,12,5,18,541,9,3,11,21,3,11,14,63,"5","0","https://fbref.com/en/matches/d6d3de2f/Girona-Mallorca-September-23-2023-La-Liga"
"La Liga","2023-09-30","La Liga (Matchweek 8)","Rayo Vallecano","4-2-3-1",60,434,541,80,12,5,21,640,5,7,18,14,1,6,18,97,"2","0","Mallorca","4-4-2",40,238,356,67,20,0,7,452,19,11,24,14,2,20,16,88,"5","0","https://fbref.com/en/matches/32801dbc/Rayo-Vallecano-Mallorca-September-30-2023-La-Liga"
"La Liga","2024-02-24","La Liga (Matchweek 26)","Barcelona","4-3-3",67,523,616,85,12,5,14,743,16,3,13,30,5,6,20,71,"1","0","Getafe","4-5-1",33,192,298,64,18,8,20,408,21,12,5,14,4,5,14,62,"4","0","https://fbref.com/en/matches/8f4e2ab7/Barcelona-Getafe-February-24-2024-La-Liga"
"La Liga","2023-08-26","La Liga (Matchweek 3)","Granada","4-4-2",53,306,399,77,11,5,16,484,7,6,14,15,1,6,24,86,"2","0","Mallorca","5-3-2",47,265,358,74,27,3,17,440,9,4,19,14,1,8,19,61,"7","0","https://fbref.com/en/matches/e249c708/Granada-Mallorca-August-26-2023-La-Liga"
"La Liga","2024-03-30","La Liga (Matchweek 30)","Barcelona","4-3-3",69,670,770,87,11,6,17,867,16,6,5,10,8,5,22,53,"5","0","Las Palmas","4-5-1",31,252,353,71,9,1,11,462,24,8,7,16,4,9,20,58,"1","1","https://fbref.com/en/matches/0ba647fb/Barcelona-Las-Palmas-March-30-2024-La-Liga"
"La Liga","2024-01-28","La Liga (Matchweek 22)","Celta Vigo","3-4-3",40,303,409,74,13,5,17,521,21,9,14,18,1,6,21,64,"1","0","Girona","4-2-3-1",60,509,612,83,11,7,18,728,18,9,12,19,1,7,21,70,"1","0","https://fbref.com/en/matches/898ad853/Celta-Vigo-Girona-January-28-2024-La-Liga"
"La Liga","2023-08-21","La Liga (Matchweek 2)","Alavés","4-4-2",34,194,313,62,14,4,20,426,17,2,16,27,0,10,22,66,"1","0","Sevilla","4-2-3-1",66,500,618,81,13,4,28,719,14,8,18,15,1,10,29,86,"2","0","https://fbref.com/en/matches/8cd38a49/Alaves-Sevilla-August-21-2023-La-Liga"
"La Liga","2023-08-26","La Liga (Matchweek 3)","Cádiz","4-4-2",52,292,394,74,16,7,30,484,11,3,19,17,0,2,15,83,"0","1","Almería","4-2-3-1",48,274,368,74,22,3,13,470,12,14,16,18,1,9,15,53,"6","1","https://fbref.com/en/matches/6a02cbec/Cadiz-Almeria-August-26-2023-La-Liga"
"La Liga","2023-09-27","La Liga (Matchweek 7)","Cádiz","4-4-2",52,326,459,71,16,1,21,560,12,9,22,15,1,9,26,89,"5","0","Rayo Vallecano","4-2-3-1",48,297,430,69,13,2,13,535,17,9,12,29,2,12,26,85,"6","1","https://fbref.com/en/matches/2d774dd9/Cadiz-Rayo-Vallecano-September-27-2023-La-Liga"
"La Liga","2023-11-11","La Liga (Matchweek 13)","Almería","4-2-3-1",47,225,344,65,18,5,16,447,21,3,18,21,5,8,19,72,"3","0","Real Sociedad","4-1-3-2",53,291,395,74,19,5,18,505,13,8,23,16,4,5,23,74,"2","0","https://fbref.com/en/matches/499da981/Almeria-Real-Sociedad-November-11-2023-La-Liga"
"La Liga","2023-12-16","La Liga (Matchweek 17)","Sevilla","5-3-2",57,404,538,75,18,4,18,643,14,11,13,11,6,6,21,77,"3","0","Getafe","4-4-2",43,280,406,69,18,2,20,518,18,8,20,21,0,10,20,110,"3","0","https://fbref.com/en/matches/4d8d0ba8/Sevilla-Getafe-December-16-2023-La-Liga"
"La Liga","2024-02-03","La Liga (Matchweek 23)","Granada","4-1-4-1",23,143,233,61,6,2,11,339,19,11,9,25,4,13,7,66,"4","1","Las Palmas","4-5-1",77,703,794,89,16,9,22,887,10,5,9,13,1,2,17,46,"3","1","https://fbref.com/en/matches/22e4db63/Granada-Las-Palmas-February-3-2024-La-Liga"
"La Liga","2024-03-02","La Liga (Matchweek 27)","Valencia","4-4-2",30,247,333,74,19,2,15,431,19,11,5,18,0,9,19,48,"2","0","Real Madrid","4-3-1-2",70,691,778,89,11,2,16,876,11,8,8,14,2,3,16,41,"3","1","https://fbref.com/en/matches/2e5cdea9/Valencia-Real-Madrid-March-2-2024-La-Liga"
"La Liga","2023-09-24","La Liga (Matchweek 6)","Atlético Madrid","5-3-2",37,310,384,81,13,6,15,494,25,8,1,27,1,13,19,58,"1","0","Real Madrid","4-1-2-1-2",63,584,654,89,10,11,33,770,11,9,5,14,1,6,16,39,"3","0","https://fbref.com/en/matches/f535ba0a/El-Derbi-Madrileno-Atletico-Madrid-Real-Madrid-September-24-2023-La-Liga"
"La Liga","2024-04-28","La Liga (Matchweek 33)","Cádiz","4-4-2",58,394,526,75,14,3,28,632,21,11,23,11,0,6,28,76,"3","0","Mallorca","5-4-1",42,262,386,68,21,1,7,521,25,11,30,34,2,10,28,98,"2","0","https://fbref.com/en/matches/05b862fc/Cadiz-Mallorca-April-28-2024-La-Liga"
"La Liga","2023-11-12","La Liga (Matchweek 13)","Sevilla","4-1-4-1",61,415,528,79,18,9,37,650,28,10,18,19,4,7,28,76,"1","0","Real Betis","4-2-3-1",39,252,341,74,14,5,18,487,13,9,17,36,1,10,18,51,"1","0","https://fbref.com/en/matches/f4e8506b/Sevilla-Real-Betis-November-12-2023-La-Liga"
"La Liga","2023-10-21","La Liga (Matchweek 10)","Sevilla","4-3-3",49,445,511,87,13,4,26,610,16,5,11,12,1,9,15,55,"5","0","Real Madrid","4-1-2-1-2",51,469,535,88,6,6,16,634,11,4,8,20,1,15,21,55,"3","0","https://fbref.com/en/matches/a1453e00/Sevilla-Real-Madrid-October-21-2023-La-Liga"
"La Liga","2023-08-13","La Liga (Matchweek 1)","Getafe","4-5-1",26,186,271,69,20,3,17,373,11,15,15,27,4,14,14,71,"9","1","Barcelona","4-2-3-1",74,680,767,89,11,4,17,856,9,3,23,18,2,8,17,43,"2","2","https://fbref.com/en/matches/b34ff242/Getafe-Barcelona-August-13-2023-La-Liga"
"La Liga","2023-12-21","La Liga (Matchweek 18)","Real Betis","4-2-3-1",47,474,560,85,6,7,20,695,27,11,9,20,1,5,13,48,"2","0","Girona","4-2-3-1",53,552,624,88,9,6,19,764,17,8,8,20,3,8,17,46,"2","0","https://fbref.com/en/matches/ce152000/Real-Betis-Girona-December-21-2023-La-Liga"
"La Liga","2024-04-28","La Liga (Matchweek 33)","Real Betis","4-2-3-1",51,350,431,81,9,4,14,535,18,4,18,19,2,6,13,48,"3","0","Sevilla","4-4-2",49,337,420,80,20,6,14,521,22,8,17,17,2,7,17,66,"5","0","https://fbref.com/en/matches/94a4da32/Real-Betis-Sevilla-April-28-2024-La-Liga"
"La Liga","2023-12-03","La Liga (Matchweek 15)","Sevilla","4-3-3",57,475,567,84,6,8,59,661,17,10,11,9,1,2,16,73,"3","0","Villarreal","4-4-2",43,363,435,83,16,4,9,542,13,5,11,33,0,16,12,57,"3","0","https://fbref.com/en/matches/98ae1fe6/Sevilla-Villarreal-December-3-2023-La-Liga"
"La Liga","2023-08-12","La Liga (Matchweek 1)","Athletic Club","4-2-3-1",46,453,552,82,18,7,30,658,16,7,5,13,2,7,23,65,"3","0","Real Madrid","4-1-2-1-2",54,556,639,87,6,5,9,770,25,10,9,24,2,12,15,66,"1","0","https://fbref.com/en/matches/c31f0a31/Athletic-Club-Real-Madrid-August-12-2023-La-Liga"
"La Liga","2023-09-29","La Liga (Matchweek 8)","Barcelona","4-3-3",58,431,519,83,11,13,21,643,11,5,13,24,1,7,26,62,"2","0","Sevilla","4-2-3-1",42,280,378,74,15,3,24,501,20,12,15,22,3,8,31,69,"3","0","https://fbref.com/en/matches/c5fbae8a/Barcelona-Sevilla-September-29-2023-La-Liga"
"La Liga","2024-03-09","La Liga (Matchweek 28)","Granada","4-4-2",37,193,305,63,17,4,13,419,18,6,17,22,1,6,20,95,"1","0","Real Sociedad","4-1-4-1",63,421,529,80,11,6,24,647,14,7,32,23,6,5,23,73,"2","0","https://fbref.com/en/matches/68564a87/Granada-Real-Sociedad-March-9-2024-La-Liga"
"La Liga","2023-11-11","La Liga (Matchweek 13)","Rayo Vallecano","4-4-2",46,389,483,81,15,8,29,621,25,7,12,15,1,9,21,76,"1","0","Girona","3-4-3",54,481,563,85,13,3,20,694,21,6,14,29,1,14,22,52,"2","0","https://fbref.com/en/matches/5f383bb2/Rayo-Vallecano-Girona-November-11-2023-La-Liga"
"La Liga","2023-09-17","La Liga (Matchweek 5)","Villarreal","4-2-3-1",62,453,545,83,16,6,25,647,18,4,15,14,1,13,13,57,"2","0","Almería","4-2-3-1",38,248,333,74,6,6,14,453,18,8,13,21,1,6,18,55,"3","0","https://fbref.com/en/matches/c16dfe0b/Villarreal-Almeria-September-17-2023-La-Liga"
"La Liga","2023-12-16","La Liga (Matchweek 17)","Athletic Club","4-2-3-1",38,300,417,72,8,2,16,522,15,5,12,26,1,6,16,63,"0","0","Atlético Madrid","3-5-2",62,565,687,82,10,7,22,797,17,11,10,12,4,6,21,79,"1","0","https://fbref.com/en/matches/f21edbdb/Athletic-Club-Atletico-Madrid-December-16-2023-La-Liga"
"La Liga","2024-03-30","La Liga (Matchweek 30)","Valencia","4-4-2",53,424,538,79,8,3,17,651,10,14,17,18,0,6,33,63,"0","0","Mallorca","5-3-2",47,361,469,77,11,3,20,590,21,9,21,24,1,9,16,79,"2","0","https://fbref.com/en/matches/d9329662/Valencia-Mallorca-March-30-2024-La-Liga"
"La Liga","2023-12-09","La Liga (Matchweek 16)","Real Betis","4-2-3-1",37,370,452,82,14,7,17,563,20,13,6,18,0,9,13,51,"2","0","Real Madrid","4-2-3-1",63,681,765,89,7,6,10,871,14,9,5,13,1,4,21,55,"1","0","https://fbref.com/en/matches/872da7fb/Real-Betis-Real-Madrid-December-9-2023-La-Liga"
"La Liga","2024-04-12","La Liga (Matchweek 31)","Real Betis","4-2-3-1",47,463,550,84,7,6,17,674,21,13,14,22,1,8,17,61,"1","0","Celta Vigo","3-4-3",53,528,625,84,10,5,15,736,18,4,9,15,1,9,24,53,"0","0","https://fbref.com/en/matches/a7ba44ee/Real-Betis-Celta-Vigo-April-12-2024-La-Liga"
"La Liga","2023-10-22","La Liga (Matchweek 10)","Las Palmas","4-5-1",60,493,607,81,13,10,23,716,15,6,16,13,2,7,12,42,"4","0","Rayo Vallecano","4-4-2",40,296,404,73,11,5,14,547,19,12,14,36,2,2,28,81,"4","1","https://fbref.com/en/matches/75aaa3ef/Las-Palmas-Rayo-Vallecano-October-22-2023-La-Liga"
"La Liga","2024-04-27","La Liga (Matchweek 33)","Alavés","4-2-3-1",38,227,335,68,10,8,31,439,15,12,10,16,1,9,28,75,"3","0","Celta Vigo","3-4-3",62,471,558,84,9,3,9,667,15,5,10,21,0,11,28,57,"3","0","https://fbref.com/en/matches/ffe34927/Alaves-Celta-Vigo-April-27-2024-La-Liga"
"La Liga","2023-10-29","La Liga (Matchweek 11)","Real Betis","4-2-3-1",51,381,488,78,10,6,22,599,9,7,19,22,1,7,30,58,"3","0","Osasuna","4-2-3-1",49,354,471,75,25,3,16,586,31,10,14,20,1,9,17,66,"4","0","https://fbref.com/en/matches/0c248bda/Real-Betis-Osasuna-October-29-2023-La-Liga"
"La Liga","2023-12-20","La Liga (Matchweek 18)","Villarreal","4-4-2",49,415,511,81,16,4,14,637,19,9,15,21,0,7,35,69,"2","0","Celta Vigo","4-4-2",51,449,541,83,15,7,30,679,27,12,14,15,0,4,19,63,"4","0","https://fbref.com/en/matches/9f6ecef6/Villarreal-Celta-Vigo-December-20-2023-La-Liga"
"La Liga","2023-11-05","La Liga (Matchweek 12)","Alavés","4-2-3-1",56,296,401,74,13,12,32,514,14,11,11,17,1,7,33,61,"2","0","Almería","4-2-3-1",44,213,309,69,14,6,14,431,20,8,17,38,1,19,23,63,"3","0","https://fbref.com/en/matches/f68f1f5c/Alaves-Almeria-November-5-2023-La-Liga"
"La Liga","2024-03-01","La Liga (Matchweek 27)","Celta Vigo","4-4-2",66,550,650,85,8,7,28,743,11,2,23,12,2,3,25,66,"1","0","Almería","4-2-3-1",34,238,336,71,14,0,7,454,22,6,9,32,3,8,20,62,"2","1","https://fbref.com/en/matches/7ab6dcd9/Celta-Vigo-Almeria-March-1-2024-La-Liga"
"La Liga","2023-10-22","La Liga (Matchweek 10)","Girona","3-4-3",66,578,664,87,11,9,25,761,15,4,9,15,3,7,11,55,"1","0","Almería","4-2-3-1",34,243,335,73,14,6,17,419,9,8,12,22,1,10,14,78,"2","0","https://fbref.com/en/matches/eadb4a85/Girona-Almeria-October-22-2023-La-Liga"
"La Liga","2023-12-16","La Liga (Matchweek 17)","Celta Vigo","4-4-2",39,227,338,67,20,7,18,448,20,9,17,16,3,8,16,69,"6","1","Granada","4-2-3-1",61,423,527,80,18,1,16,630,8,11,14,27,0,6,31,68,"2","0","https://fbref.com/en/matches/57110974/Celta-Vigo-Granada-December-16-2023-La-Liga"
"La Liga","2023-12-20","La Liga (Matchweek 18)","Athletic Club","4-2-3-1",50,381,512,74,12,5,28,638,13,10,18,10,3,6,20,73,"1","0","Las Palmas","4-5-1",50,374,515,73,11,2,13,647,22,8,19,26,4,9,22,66,"3","0","https://fbref.com/en/matches/1b8fc92b/Athletic-Club-Las-Palmas-December-20-2023-La-Liga"
"La Liga","2024-04-13","La Liga (Matchweek 31)","Atlético Madrid","4-4-2",41,378,461,82,18,2,14,555,20,3,4,12,3,12,11,58,"3","0","Girona","4-5-1",59,591,661,89,12,0,13,761,12,6,9,15,0,8,16,59,"2","0","https://fbref.com/en/matches/d1461be3/Atletico-Madrid-Girona-April-13-2024-La-Liga"
"La Liga","2023-10-29","La Liga (Matchweek 11)","Rayo Vallecano","4-4-1-1",55,383,488,78,17,4,18,612,10,12,17,17,2,9,29,94,"3","0","Real Sociedad","4-1-4-1",45,279,396,70,16,5,14,518,19,11,20,21,3,7,28,69,"2","0","https://fbref.com/en/matches/0e7c5910/Rayo-Vallecano-Real-Sociedad-October-29-2023-La-Liga"
"La Liga","2023-12-16","La Liga (Matchweek 17)","Valencia","4-4-2",37,246,348,71,9,4,19,440,17,2,10,19,3,8,21,70,"1","0","Barcelona","4-3-3",63,512,601,85,11,6,17,718,21,8,21,19,3,6,21,67,"2","0","https://fbref.com/en/matches/ab58d4c0/Valencia-Barcelona-December-16-2023-La-Liga"
"La Liga","2024-02-18","La Liga (Matchweek 25)","Rayo Vallecano","4-4-2",41,292,379,77,17,4,13,514,20,8,12,32,4,9,22,70,"4","0","Real Madrid","4-2-3-1",59,457,556,82,7,10,24,673,24,5,12,15,2,4,13,52,"4","1","https://fbref.com/en/matches/8f2c26c1/Rayo-Vallecano-Real-Madrid-February-18-2024-La-Liga"
"La Liga","2023-09-24","La Liga (Matchweek 6)","Rayo Vallecano","4-2-3-1",42,276,366,75,20,2,12,458,14,11,3,21,6,9,17,87,"2","0","Villarreal","4-4-2",58,422,508,83,18,8,20,613,21,10,13,18,2,6,11,70,"4","1","https://fbref.com/en/matches/3ad7ddfb/Rayo-Vallecano-Villarreal-September-24-2023-La-Liga"
"La Liga","2024-02-24","La Liga (Matchweek 26)","Almería","4-2-3-1",40,309,406,76,13,2,11,541,14,7,17,21,1,4,24,56,"1","0","Atlético Madrid","3-5-2",60,493,597,83,12,7,18,719,21,11,10,13,2,3,28,66,"1","0","https://fbref.com/en/matches/998ad495/Almeria-Atletico-Madrid-February-24-2024-La-Liga"
"La Liga","2024-02-17","La Liga (Matchweek 25)","Valencia","4-4-2",55,534,636,84,5,7,26,728,9,5,11,15,3,4,34,67,"0","0","Sevilla","3-5-2",45,433,526,82,8,2,12,619,14,5,9,29,1,9,20,74,"1","0","https://fbref.com/en/matches/9beaaafb/Valencia-Sevilla-February-17-2024-La-Liga"
"La Liga","2024-03-10","La Liga (Matchweek 28)","Las Palmas","4-1-4-1",70,585,697,84,8,10,26,806,13,5,8,18,3,6,26,68,"3","0","Athletic Club","4-2-3-1",30,190,296,64,14,3,13,425,24,6,15,26,3,7,21,74,"3","0","https://fbref.com/en/matches/c5876baa/Las-Palmas-Athletic-Club-March-10-2024-La-Liga"
"La Liga","2023-10-07","La Liga (Matchweek 9)","Cádiz","4-4-2",27,136,243,56,12,5,21,341,15,8,16,21,0,10,13,84,"1","1","Girona","3-4-3",73,571,666,86,13,5,31,765,15,2,15,21,3,11,10,60,"3","0","https://fbref.com/en/matches/2459c550/Cadiz-Girona-October-7-2023-La-Liga"
"La Liga","2023-10-07","La Liga (Matchweek 9)","Real Madrid","4-3-1-2",67,673,745,90,9,5,13,846,14,9,5,5,2,9,21,53,"2","0","Osasuna","4-3-3",33,294,371,79,6,4,14,455,15,6,5,20,1,11,13,59,"2","0","https://fbref.com/en/matches/cf81ed94/Real-Madrid-Osasuna-October-7-2023-La-Liga"
"La Liga","2023-09-24","La Liga (Matchweek 6)","Real Betis","4-2-3-1",63,475,549,87,10,11,34,661,24,5,19,23,1,7,15,49,"2","0","Cádiz","4-4-2",37,235,328,72,14,8,23,431,27,5,11,23,5,16,12,75,"3","0","https://fbref.com/en/matches/a41377f4/Real-Betis-Cadiz-September-24-2023-La-Liga"
"La Liga","2024-02-25","La Liga (Matchweek 26)","Real Madrid","4-3-3",65,617,690,89,10,7,16,791,14,4,7,7,1,5,28,57,"1","0","Sevilla","5-3-2",35,304,377,81,13,2,12,479,28,4,7,23,0,9,14,68,"3","0","https://fbref.com/en/matches/0788c1f1/Real-Madrid-Sevilla-February-25-2024-La-Liga"
"La Liga","2023-08-20","La Liga (Matchweek 2)","Girona","4-1-4-1",63,472,558,85,11,3,11,679,16,4,15,26,3,10,11,66,"2","0","Getafe","4-2-3-1",37,209,321,65,20,2,21,411,21,4,14,10,2,4,23,77,"6","0","https://fbref.com/en/matches/e8867e6b/Girona-Getafe-August-20-2023-La-Liga"
"La Liga","2023-08-18","La Liga (Matchweek 2)","Mallorca","5-3-2",40,288,370,78,12,6,28,469,27,6,15,17,6,8,11,66,"2","0","Villarreal","4-3-3",60,486,554,88,11,5,15,662,15,3,11,26,1,5,18,47,"4","0","https://fbref.com/en/matches/d447f323/Mallorca-Villarreal-August-18-2023-La-Liga"
"La Liga","2024-01-20","La Liga (Matchweek 21)","Valencia","4-4-2",40,298,414,72,11,4,18,521,16,7,15,26,4,5,19,70,"0","0","Athletic Club","4-2-3-1",60,508,633,80,14,2,18,727,19,3,10,19,0,9,29,69,"3","0","https://fbref.com/en/matches/56f618cb/Valencia-Athletic-Club-January-20-2024-La-Liga"
"La Liga","2024-01-21","La Liga (Matchweek 21)","Real Madrid","4-3-1-2",73,592,706,84,9,6,33,798,8,10,26,5,5,5,25,53,"3","0","Almería","5-4-1",27,162,256,63,17,3,10,394,27,8,11,36,1,13,13,71,"5","0","https://fbref.com/en/matches/044f7144/Real-Madrid-Almeria-January-21-2024-La-Liga"
"La Liga","2023-10-28","La Liga (Matchweek 11)","Mallorca","4-4-2",59,306,448,68,10,7,31,557,6,9,29,25,7,8,25,100,"0","0","Getafe","4-4-2",41,174,315,55,25,3,14,417,12,6,26,36,1,9,21,100,"1","0","https://fbref.com/en/matches/eda40c8e/Mallorca-Getafe-October-28-2023-La-Liga"
"La Liga","2024-02-17","La Liga (Matchweek 25)","Atlético Madrid","5-3-2",36,263,365,72,19,3,8,476,21,10,17,23,4,6,20,55,"2","0","Las Palmas","4-5-1",64,550,650,85,9,5,14,758,10,9,14,16,0,9,17,70,"2","0","https://fbref.com/en/matches/d2e1cfdb/Atletico-Madrid-Las-Palmas-February-17-2024-La-Liga"
"La Liga","2023-08-27","La Liga (Matchweek 3)","Valencia","4-4-2",64,459,573,80,13,6,32,684,14,11,16,13,3,3,27,67,"3","0","Osasuna","4-3-3",36,213,317,67,12,3,9,437,14,7,17,39,1,15,24,75,"4","0","https://fbref.com/en/matches/804cc411/Valencia-Osasuna-August-27-2023-La-Liga"
"La Liga","2023-11-25","La Liga (Matchweek 14)","Atlético Madrid","3-4-3",68,598,706,85,8,7,21,808,16,10,15,11,2,9,18,48,"0","0","Mallorca","5-4-1",32,252,338,75,19,3,16,469,15,18,11,29,1,17,16,70,"0","0","https://fbref.com/en/matches/16b9ac5f/Atletico-Madrid-Mallorca-November-25-2023-La-Liga"
"La Liga","2024-02-18","La Liga (Matchweek 25)","Real Betis","4-2-3-1",62,452,559,81,13,6,24,699,23,6,22,25,1,7,33,55,"5","0","Alavés","4-2-3-1",38,233,349,67,9,8,22,473,18,12,19,22,1,10,24,78,"2","0","https://fbref.com/en/matches/b8a430ca/Real-Betis-Alaves-February-18-2024-La-Liga"
"La Liga","2023-10-06","La Liga (Matchweek 9)","Athletic Club","4-2-3-1",59,461,557,83,11,6,27,675,19,7,15,11,0,6,20,60,"2","0","Almería","4-4-2",41,289,391,74,7,2,8,508,26,11,8,20,2,13,21,68,"0","0","https://fbref.com/en/matches/001383d7/Athletic-Club-Almeria-October-6-2023-La-Liga"
"La Liga","2023-12-02","La Liga (Matchweek 15)","Girona","3-4-3",77,624,730,85,6,3,33,811,13,5,12,3,8,4,19,68,"3","0","Valencia","4-4-2",23,149,222,67,7,2,5,335,10,13,10,27,2,8,10,51,"3","0","https://fbref.com/en/matches/3a6cf7d9/Girona-Valencia-December-2-2023-La-Liga"
"La Liga","2024-04-28","La Liga (Matchweek 33)","Villarreal","4-4-2",46,371,445,83,15,3,13,543,20,5,5,15,2,12,13,60,"2","0","Rayo Vallecano","4-2-3-1",54,450,533,84,8,6,19,639,16,7,3,12,3,8,17,56,"1","0","https://fbref.com/en/matches/9db220c0/Villarreal-Rayo-Vallecano-April-28-2024-La-Liga"
"La Liga","2024-04-01","La Liga (Matchweek 30)","Villarreal","4-3-3",52,474,561,84,14,3,18,667,18,10,8,8,1,7,24,60,"3","0","Atlético Madrid","5-3-2",48,425,509,83,22,3,12,621,22,14,8,17,0,10,13,56,"3","0","https://fbref.com/en/matches/ea244c20/Villarreal-Atletico-Madrid-April-1-2024-La-Liga"
"La Liga","2023-10-28","La Liga (Matchweek 11)","Almería","4-2-3-1",41,308,438,70,13,3,21,546,12,4,17,18,6,6,28,85,"3","0","Las Palmas","4-5-1",59,507,625,81,19,2,20,743,18,7,18,32,1,3,25,75,"1","0","https://fbref.com/en/matches/22d80391/Almeria-Las-Palmas-October-28-2023-La-Liga"
"La Liga","2023-09-27","La Liga (Matchweek 7)","Villarreal","4-4-2",53,434,508,85,9,5,22,614,17,7,9,11,4,12,18,61,"3","0","Girona","4-1-4-1",47,379,442,86,11,6,20,562,16,8,9,25,0,6,14,54,"2","0","https://fbref.com/en/matches/7c83c807/Villarreal-Girona-September-27-2023-La-Liga"
"La Liga","2023-12-11","La Liga (Matchweek 16)","Rayo Vallecano","4-2-3-1",63,531,654,81,15,8,37,758,11,10,19,17,3,7,28,87,"3","0","Celta Vigo","4-4-2",37,273,384,71,10,1,11,506,21,6,12,34,0,9,17,74,"0","0","https://fbref.com/en/matches/8561242b/Rayo-Vallecano-Celta-Vigo-December-11-2023-La-Liga"
"La Liga","2023-09-02","La Liga (Matchweek 4)","Alavés","4-2-3-1",40,246,357,69,18,1,16,455,13,3,12,18,3,12,28,69,"5","0","Valencia","4-4-2",60,428,531,81,9,2,17,641,17,5,9,19,0,9,20,55,"2","0","https://fbref.com/en/matches/3a3b9504/Alaves-Valencia-September-2-2023-La-Liga"
"La Liga","2023-08-21","La Liga (Matchweek 2)","Granada","4-3-3",48,308,414,74,14,5,22,523,18,5,13,18,1,7,24,76,"2","1","Rayo Vallecano","4-4-2",52,334,443,75,11,6,18,552,18,5,15,17,7,10,28,77,"1","0","https://fbref.com/en/matches/bc9648bc/Granada-Rayo-Vallecano-August-21-2023-La-Liga"
"La Liga","2023-09-16","La Liga (Matchweek 5)","Valencia","4-2-3-1",37,276,360,77,13,5,12,494,18,8,8,34,0,11,18,67,"1","0","Atlético Madrid","5-3-2",63,496,601,83,17,8,29,708,18,5,17,14,0,3,23,56,"5","0","https://fbref.com/en/matches/26f7f1a6/Valencia-Atletico-Madrid-September-16-2023-La-Liga"
"La Liga","2023-10-08","La Liga (Matchweek 9)","Atlético Madrid","3-5-2",38,270,369,73,9,1,5,471,14,7,21,28,0,13,23,90,"3","0","Real Sociedad","4-3-3",62,513,604,85,12,4,18,713,18,5,11,11,2,9,17,80,"3","0","https://fbref.com/en/matches/d0fec34b/Atletico-Madrid-Real-Sociedad-October-8-2023-La-Liga"
"La Liga","2024-03-30","La Liga (Matchweek 30)","Getafe","4-1-4-1",67,499,629,79,11,6,20,742,22,3,15,16,4,8,26,90,"4","0","Sevilla","5-3-2",33,191,309,62,15,3,13,440,22,10,16,29,2,9,25,89,"5","0","https://fbref.com/en/matches/225535f4/Getafe-Sevilla-March-30-2024-La-Liga"
"La Liga","2024-01-26","La Liga (Matchweek 22)","Almería","4-2-3-1",64,459,574,80,17,11,38,679,14,4,19,17,3,4,18,68,"1","0","Alavés","4-2-3-1",36,220,328,67,12,3,15,435,13,4,14,32,3,14,17,93,"2","0","https://fbref.com/en/matches/851f5d85/Almeria-Alaves-January-26-2024-La-Liga"
"La Liga","2023-09-23","La Liga (Matchweek 6)","Almería","4-2-3-1",61,500,597,84,12,7,21,699,10,4,24,15,3,4,22,68,"4","0","Valencia","4-2-3-1",39,278,386,72,10,3,11,490,25,5,13,23,1,8,24,71,"2","0","https://fbref.com/en/matches/e5d13d76/Almeria-Valencia-September-23-2023-La-Liga"
"La Liga","2023-08-19","La Liga (Matchweek 2)","Real Sociedad","4-3-3",53,341,468,73,12,9,18,574,12,6,20,19,0,5,32,77,"2","0","Celta Vigo","4-4-2",47,300,421,71,12,7,19,539,13,10,14,27,3,10,20,67,"1","0","https://fbref.com/en/matches/406ca8c9/Real-Sociedad-Celta-Vigo-August-19-2023-La-Liga"
"La Liga","2023-08-18","La Liga (Matchweek 2)","Valencia","4-4-2",39,317,411,77,12,6,20,502,16,9,10,9,2,5,24,79,"0","0","Las Palmas","4-3-3",61,549,641,86,6,4,9,739,19,7,11,15,1,8,24,51,"0","0","https://fbref.com/en/matches/8766ab05/Valencia-Las-Palmas-August-18-2023-La-Liga"
"La Liga","2024-02-04","La Liga (Matchweek 23)","Villarreal","4-4-2",59,431,546,79,14,13,35,661,21,14,25,13,3,4,12,52,"3","0","Cádiz","4-4-2",41,269,386,70,14,2,18,491,14,11,19,26,2,12,20,88,"1","0","https://fbref.com/en/matches/28a20450/Villarreal-Cadiz-February-4-2024-La-Liga"
"La Liga","2023-10-20","La Liga (Matchweek 10)","Osasuna","4-3-3",58,432,562,77,19,1,18,667,7,7,18,18,3,1,34,77,"3","0","Granada","4-2-3-1",42,294,408,72,13,7,19,531,17,6,11,33,1,5,15,59,"4","1","https://fbref.com/en/matches/43b34260/Osasuna-Granada-October-20-2023-La-Liga"
"La Liga","2023-10-01","La Liga (Matchweek 8)","Atlético Madrid","3-5-2",69,658,771,85,5,5,15,863,17,3,18,12,2,11,15,58,"1","0","Cádiz","5-3-2",31,235,339,69,10,3,17,449,17,6,11,23,0,11,16,77,"3","0","https://fbref.com/en/matches/0f112739/Atletico-Madrid-Cadiz-October-1-2023-La-Liga"
"La Liga","2023-12-03","La Liga (Matchweek 15)","Mallorca","4-2-3-1",63,433,562,77,16,5,34,668,21,10,17,11,1,5,28,64,"4","0","Alavés","4-2-3-1",37,220,327,67,15,4,16,460,18,5,21,49,0,8,16,67,"2","0","https://fbref.com/en/matches/aa2065ac/Mallorca-Alaves-December-3-2023-La-Liga"
"La Liga","2024-01-13","La Liga (Matchweek 20)","Real Betis","4-2-3-1",57,395,496,80,11,13,26,632,22,4,14,17,1,2,26,69,"3","0","Granada","4-4-2",43,288,379,76,17,1,15,513,27,5,11,31,4,8,26,76,"4","0","https://fbref.com/en/matches/b889c1e1/Real-Betis-Granada-January-13-2024-La-Liga"
"La Liga","2024-02-05","La Liga (Matchweek 23)","Rayo Vallecano","4-4-2",68,548,684,80,8,6,30,792,12,9,10,14,2,8,37,84,"2","0","Sevilla","4-4-2",32,206,321,64,10,0,4,426,13,9,19,28,2,11,28,84,"3","0","https://fbref.com/en/matches/1c2d13c4/Rayo-Vallecano-Sevilla-February-5-2024-La-Liga"
"La Liga","2023-12-19","La Liga (Matchweek 18)","Rayo Vallecano","4-4-2",59,395,530,75,16,7,29,625,11,9,18,13,2,7,24,103,"2","0","Valencia","4-4-2",41,253,369,69,18,1,13,489,9,7,17,24,2,9,21,85,"5","1","https://fbref.com/en/matches/25af4fd3/Rayo-Vallecano-Valencia-December-19-2023-La-Liga"
"La Liga","2024-02-02","La Liga (Matchweek 23)","Athletic Club","4-2-3-1",62,479,581,82,17,6,20,686,13,4,22,17,1,4,22,71,"0","0","Mallorca","5-4-1",38,250,359,70,15,2,12,469,21,15,13,21,5,5,11,56,"1","0","https://fbref.com/en/matches/5f6e670c/Athletic-Club-Mallorca-February-2-2024-La-Liga"
"La Liga","2023-12-02","La Liga (Matchweek 15)","Real Madrid","4-4-2",71,781,855,91,10,6,18,915,10,8,5,5,7,5,18,70,"2","0","Granada","4-4-2",29,294,355,83,12,0,2,436,9,6,3,15,2,7,12,52,"1","0","https://fbref.com/en/matches/bc316609/Real-Madrid-Granada-December-2-2023-La-Liga"
"La Liga","2024-02-17","La Liga (Matchweek 25)","Celta Vigo","4-4-2",34,260,373,70,11,2,14,504,19,14,14,25,4,7,17,61,"2","0","Barcelona","4-3-3",66,602,713,84,13,5,16,837,14,7,13,21,1,9,20,56,"4","0","https://fbref.com/en/matches/16accf14/Celta-Vigo-Barcelona-February-17-2024-La-Liga"
"La Liga","2023-10-08","La Liga (Matchweek 9)","Celta Vigo","4-4-2",74,540,658,82,14,13,33,743,9,6,22,7,3,2,23,59,"1","0","Getafe","4-4-2",26,124,230,54,20,1,7,356,16,13,9,42,2,12,11,90,"9","1","https://fbref.com/en/matches/deb9ac58/Celta-Vigo-Getafe-October-8-2023-La-Liga"
"La Liga","2024-01-04","La Liga (Matchweek 19)","Sevilla","5-3-2",61,536,658,81,9,5,31,778,17,17,22,16,2,8,23,87,"3","0","Athletic Club","4-2-3-1",39,304,425,72,19,4,19,528,12,10,14,33,1,10,17,62,"1","0","https://fbref.com/en/matches/a599d8e1/Sevilla-Athletic-Club-January-4-2024-La-Liga"
"La Liga","2023-09-16","La Liga (Matchweek 5)","Barcelona","4-3-3",65,619,692,89,9,9,16,800,22,6,7,10,3,9,14,29,"1","0","Real Betis","4-2-3-1",35,300,369,81,10,5,10,470,16,11,2,18,3,7,9,53,"2","0","https://fbref.com/en/matches/91deddae/Barcelona-Real-Betis-September-16-2023-La-Liga"
"La Liga","2023-09-30","La Liga (Matchweek 8)","Real Sociedad","4-4-2",51,323,443,73,20,5,16,552,17,4,22,12,2,10,23,81,"2","0","Athletic Club","4-2-3-1",49,316,426,74,9,7,21,539,16,7,20,10,2,3,23,78,"2","0","https://fbref.com/en/matches/9689cb22/Real-Sociedad-Athletic-Club-September-30-2023-La-Liga"
"La Liga","2023-12-23","La Liga (Matchweek 4)","Atlético Madrid","5-4-1",50,438,530,83,12,6,20,635,9,7,11,26,2,6,22,60,"7","1","Sevilla","3-5-2",50,423,524,81,19,5,25,632,19,5,12,19,0,6,15,53,"3","0","https://fbref.com/en/matches/8797c007/Atletico-Madrid-Sevilla-December-23-2023-La-Liga"
"La Liga","2023-08-25","La Liga (Matchweek 3)","Las Palmas","4-3-3",52,396,501,79,7,5,12,604,17,12,20,12,3,6,17,69,"1","0","Real Sociedad","4-2-3-1",48,359,465,77,29,7,19,563,12,6,19,16,4,6,15,55,"4","0","https://fbref.com/en/matches/b2340056/Las-Palmas-Real-Sociedad-August-25-2023-La-Liga"
"La Liga","2023-12-11","La Liga (Matchweek 16)","Granada","4-2-3-1",48,381,489,78,9,1,9,625,20,8,10,27,2,15,21,81,"0","0","Athletic Club","4-2-3-1",52,402,521,77,11,8,31,627,16,10,9,8,1,6,20,91,"2","0","https://fbref.com/en/matches/2e13f78e/Granada-Athletic-Club-December-11-2023-La-Liga"
"La Liga","2024-03-03","La Liga (Matchweek 27)","Villarreal","4-4-2",48,389,468,83,12,6,14,571,16,9,6,25,1,10,11,54,"1","0","Granada","3-4-3",52,418,503,83,15,4,26,596,20,14,6,13,2,6,16,57,"2","0","https://fbref.com/en/matches/82279c7a/Villarreal-Granada-March-3-2024-La-Liga"
"La Liga","2023-12-10","La Liga (Matchweek 16)","Atlético Madrid","3-4-3",57,471,574,82,13,3,14,688,26,8,14,27,4,11,17,69,"1","0","Almería","3-4-1-2",43,320,437,73,11,15,30,532,12,11,21,8,2,9,23,71,"0","0","https://fbref.com/en/matches/381f0556/Atletico-Madrid-Almeria-December-10-2023-La-Liga"
"La Liga","2023-11-27","La Liga (Matchweek 14)","Girona","4-4-1-1",60,575,655,88,8,2,15,767,17,16,10,17,2,3,13,68,"1","0","Athletic Club","4-2-3-1",40,349,440,79,16,6,32,530,19,8,10,8,2,10,19,56,"1","0","https://fbref.com/en/matches/aef6bb51/Girona-Athletic-Club-November-27-2023-La-Liga"
"La Liga","2024-01-28","La Liga (Matchweek 22)","Sevilla","3-5-2",43,291,399,73,19,2,15,500,13,4,20,31,5,6,23,70,"3","1","Osasuna","3-5-2",57,398,531,75,13,4,22,626,13,4,21,18,2,5,32,89,"0","0","https://fbref.com/en/matches/661915d5/Sevilla-Osasuna-January-28-2024-La-Liga"
"La Liga","2023-10-01","La Liga (Matchweek 8)","Alavés","4-2-3-1",46,288,410,70,13,4,26,501,12,9,23,18,5,8,20,85,"2","1","Osasuna","4-3-3",54,368,478,77,13,2,13,568,6,3,18,27,1,13,17,78,"3","0","https://fbref.com/en/matches/3d120d0b/Alaves-Osasuna-October-1-2023-La-Liga"
"La Liga","2024-03-03","La Liga (Matchweek 27)","Mallorca","5-3-2",40,245,356,69,19,8,22,457,13,12,17,22,0,12,13,93,"5","0","Girona","4-2-3-1",60,429,536,80,9,5,18,631,6,13,12,14,1,7,24,69,"0","0","https://fbref.com/en/matches/43ea52c2/Mallorca-Girona-March-3-2024-La-Liga"
"La Liga","2024-03-08","La Liga (Matchweek 28)","Barcelona","4-3-3",63,564,649,87,10,4,14,776,13,13,17,22,2,7,19,51,"1","0","Mallorca","5-3-2",37,281,375,75,14,1,22,501,30,17,20,21,6,5,7,60,"1","0","https://fbref.com/en/matches/893d91cd/Barcelona-Mallorca-March-8-2024-La-Liga"
"La Liga","2024-01-28","La Liga (Matchweek 22)","Atlético Madrid","3-5-2",54,568,649,88,9,3,10,769,18,8,10,20,1,6,20,62,"2","0","Valencia","4-2-3-1",46,456,551,83,9,6,21,660,19,6,8,24,2,7,20,61,"0","0","https://fbref.com/en/matches/fb9eb11a/Atletico-Madrid-Valencia-January-28-2024-La-Liga"
"La Liga","2024-03-30","La Liga (Matchweek 30)","Almería","4-3-3",51,382,471,81,13,6,23,583,13,17,14,14,2,6,21,67,"3","0","Osasuna","4-4-2",49,342,454,75,15,1,11,534,9,4,25,16,2,13,24,94,"2","0","https://fbref.com/en/matches/2faf48dd/Almeria-Osasuna-March-30-2024-La-Liga"
"La Liga","2024-04-19","La Liga (Matchweek 32)","Athletic Club","4-2-3-1",67,545,670,81,11,11,34,780,13,7,19,12,1,8,32,66,"4","0","Granada","4-4-2",33,222,327,68,15,4,17,467,25,18,16,33,1,11,14,82,"2","0","https://fbref.com/en/matches/77710902/Athletic-Club-Granada-April-19-2024-La-Liga"
"La Liga","2024-02-04","La Liga (Matchweek 23)","Osasuna","5-3-2",70,584,749,78,10,9,36,841,13,6,22,4,0,3,42,102,"2","0","Celta Vigo","3-4-3",30,201,319,63,10,1,4,483,18,10,25,52,2,12,12,82,"0","0","https://fbref.com/en/matches/b8fec464/Osasuna-Celta-Vigo-February-4-2024-La-Liga"
"La Liga","2023-09-28","La Liga (Matchweek 7)","Celta Vigo","5-3-2",46,333,428,78,9,2,9,532,12,3,12,31,0,14,25,73,"7","1","Alavés","4-2-3-1",54,409,497,82,11,8,28,618,12,5,17,15,2,6,19,64,"3","0","https://fbref.com/en/matches/4f005fa8/Celta-Vigo-Alaves-September-28-2023-La-Liga"
"La Liga","2023-09-23","La Liga (Matchweek 6)","Osasuna","4-3-3",44,222,376,59,11,7,21,514,15,5,27,24,2,18,28,113,"2","0","Sevilla","4-2-3-1",56,323,477,68,7,4,20,623,23,7,28,29,4,10,24,90,"3","0","https://fbref.com/en/matches/72741505/Osasuna-Sevilla-September-23-2023-La-Liga"
"La Liga","2023-08-20","La Liga (Matchweek 2)","Real Betis","4-2-3-1",53,511,598,85,10,2,17,695,12,9,7,18,3,5,19,66,"2","0","Atlético Madrid","5-3-2",47,438,526,83,8,7,17,628,21,8,12,14,2,9,11,48,"2","0","https://fbref.com/en/matches/95634760/Real-Betis-Atletico-Madrid-August-20-2023-La-Liga"
"La Liga","2023-12-21","La Liga (Matchweek 18)","Alavés","4-2-3-1",40,301,386,78,18,3,27,454,18,6,8,6,1,12,13,53,"3","0","Real Madrid","4-3-1-2",60,519,577,90,13,3,16,682,13,3,7,17,0,7,20,58,"1","1","https://fbref.com/en/matches/4dec0026/Alaves-Real-Madrid-December-21-2023-La-Liga"
"La Liga","2024-04-22","La Liga (Matchweek 32)","Sevilla","5-3-2",53,456,552,83,10,4,20,633,14,5,23,16,1,3,16,70,"0","0","Mallorca","5-4-1",47,381,487,78,8,4,18,563,9,10,19,20,5,12,19,76,"2","0","https://fbref.com/en/matches/2d5046e6/Sevilla-Mallorca-April-22-2024-La-Liga"
"La Liga","2024-01-21","La Liga (Matchweek 21)","Real Betis","4-2-3-1",37,288,360,80,12,3,15,486,16,7,11,29,4,5,23,42,"1","0","Barcelona","4-3-3",63,525,623,84,9,4,17,728,24,7,14,15,6,5,18,39,"2","0","https://fbref.com/en/matches/cd2367fb/Real-Betis-Barcelona-January-21-2024-La-Liga"
"La Liga","2023-12-17","La Liga (Matchweek 17)","Almería","3-4-3",53,312,433,72,12,4,14,559,19,11,14,23,1,13,26,76,"3","0","Mallorca","3-4-3",47,265,390,68,9,4,27,505,21,4,18,18,2,7,31,99,"1","0","https://fbref.com/en/matches/29830e6b/Almeria-Mallorca-December-17-2023-La-Liga"
"La Liga","2023-09-02","La Liga (Matchweek 4)","Real Madrid","4-3-1-2",76,674,782,86,12,11,29,880,13,4,13,12,2,4,20,60,"2","0","Getafe","4-1-3-2",24,164,253,65,16,1,12,370,14,9,22,38,0,13,15,66,"6","0","https://fbref.com/en/matches/2b3c0a99/Real-Madrid-Getafe-September-2-2023-La-Liga"
"La Liga","2023-12-01","La Liga (Matchweek 15)","Las Palmas","4-5-1",70,612,716,85,11,4,8,823,17,12,12,16,4,8,18,61,"0","0","Getafe","4-4-1-1",30,198,313,63,9,4,18,421,14,15,22,13,2,6,22,106,"5","1","https://fbref.com/en/matches/43a9a3f9/Las-Palmas-Getafe-December-1-2023-La-Liga"
"La Liga","2024-02-18","La Liga (Matchweek 25)","Mallorca","5-3-2",33,154,262,59,12,3,9,385,19,11,33,35,2,12,19,77,"10","2","Real Sociedad","4-3-3",67,436,542,80,18,9,34,645,13,4,27,17,2,4,25,48,"5","0","https://fbref.com/en/matches/f19651ab/Mallorca-Real-Sociedad-February-18-2024-La-Liga"
"La Liga","2023-09-27","La Liga (Matchweek 7)","Athletic Club","4-2-3-1",49,321,434,74,9,5,22,553,14,9,18,32,6,5,22,77,"5","1","Getafe","5-4-1",51,326,456,71,19,4,30,550,6,11,10,20,1,5,21,85,"6","0","https://fbref.com/en/matches/5541c885/Athletic-Club-Getafe-September-27-2023-La-Liga"
"La Liga","2023-08-25","La Liga (Matchweek 3)","Celta Vigo","5-3-2",37,302,394,77,19,3,22,490,15,7,11,21,0,10,17,59,"2","0","Real Madrid","4-1-2-1-2",63,589,672,88,14,5,17,775,8,8,8,12,3,12,12,51,"3","0","https://fbref.com/en/matches/f414405a/Celta-Vigo-Real-Madrid-August-25-2023-La-Liga"
"La Liga","2024-01-20","La Liga (Matchweek 21)","Rayo Vallecano","4-4-2",45,327,447,73,19,12,31,569,15,10,6,11,9,5,29,67,"5","1","Las Palmas","4-5-1",55,441,551,80,8,0,9,703,31,7,9,45,5,14,11,59,"1","0","https://fbref.com/en/matches/2de52681/Rayo-Vallecano-Las-Palmas-January-20-2024-La-Liga"
"La Liga","2023-12-04","La Liga (Matchweek 15)","Celta Vigo","4-4-2",68,523,637,82,14,12,46,739,8,4,13,14,2,3,22,44,"1","0","Cádiz","4-4-2",32,202,303,67,18,1,12,437,13,12,19,47,1,16,11,93,"6","1","https://fbref.com/en/matches/2618d749/Celta-Vigo-Cadiz-December-4-2023-La-Liga"
"La Liga","2024-04-04","La Liga (Matchweek 26)","Granada","4-4-2",57,353,486,73,20,5,21,585,11,1,23,22,2,4,29,104,"3","0","Valencia","4-4-2",43,245,362,68,15,4,12,479,9,9,19,41,0,9,22,86,"1","0","https://fbref.com/en/matches/e8f66280/Granada-Valencia-April-4-2024-La-Liga"
"La Liga","2024-01-22","La Liga (Matchweek 21)","Granada","4-3-3",53,523,619,84,11,6,34,717,16,3,10,18,0,5,20,75,"2","0","Atlético Madrid","3-5-2",47,464,542,86,16,2,16,656,14,4,9,35,6,9,13,51,"2","0","https://fbref.com/en/matches/3cfa176f/Granada-Atletico-Madrid-January-22-2024-La-Liga"
"La Liga","2023-12-02","La Liga (Matchweek 15)","Athletic Club","4-2-3-1",51,406,525,77,15,7,20,609,13,8,16,15,5,11,23,56,"1","0","Rayo Vallecano","4-2-3-1",49,395,512,77,11,2,14,624,20,12,6,17,2,7,13,81,"2","0","https://fbref.com/en/matches/b88a35df/Athletic-Club-Rayo-Vallecano-December-2-2023-La-Liga"
"La Liga","2024-03-03","La Liga (Matchweek 27)","Athletic Club","4-2-3-1",40,301,407,74,14,4,29,506,16,7,15,14,5,10,15,81,"3","0","Barcelona","4-3-3",60,509,601,85,11,4,14,711,24,9,15,29,0,9,13,57,"3","0","https://fbref.com/en/matches/8c7d46b8/Athletic-Club-Barcelona-March-3-2024-La-Liga"
"La Liga","2023-12-09","La Liga (Matchweek 16)","Villarreal","4-4-2",53,387,492,79,10,5,25,600,17,6,23,16,7,7,30,46,"2","0","Real Sociedad","4-1-4-1",47,355,444,80,22,3,15,579,20,8,9,28,2,5,13,81,"1","0","https://fbref.com/en/matches/7c91b9cb/Villarreal-Real-Sociedad-December-9-2023-La-Liga"
"La Liga","2024-02-17","La Liga (Matchweek 25)","Osasuna","4-3-3",56,404,549,74,20,5,24,654,14,5,25,24,1,10,23,87,"4","0","Cádiz","4-4-2",44,298,439,68,12,4,17,547,13,7,25,28,5,11,18,82,"2","0","https://fbref.com/en/matches/acb216f1/Osasuna-Cadiz-February-17-2024-La-Liga"
"La Liga","2023-09-28","La Liga (Matchweek 7)","Granada","4-4-2",39,275,365,75,14,5,24,496,12,3,10,30,2,11,16,65,"2","0","Real Betis","4-2-3-1",61,465,565,82,10,7,21,673,13,11,12,21,2,8,19,76,"1","0","https://fbref.com/en/matches/6f6cb00d/Granada-Real-Betis-September-28-2023-La-Liga"
"La Liga","2024-03-16","La Liga (Matchweek 29)","Getafe","4-1-4-1",41,265,368,72,16,2,9,476,21,6,11,22,1,11,19,76,"4","0","Girona","4-2-3-1",59,419,522,80,13,5,23,613,16,4,16,13,2,7,22,61,"4","0","https://fbref.com/en/matches/a0f615f1/Getafe-Girona-March-16-2024-La-Liga"
"La Liga","2023-09-15","La Liga (Matchweek 5)","Rayo Vallecano","4-2-3-1",51,318,436,73,15,5,19,542,15,6,10,20,0,10,29,97,"2","0","Alavés","4-2-3-1",49,290,411,71,14,3,28,514,21,5,22,19,1,9,29,91,"3","0","https://fbref.com/en/matches/24453748/Rayo-Vallecano-Alaves-September-15-2023-La-Liga"
"La Liga","2023-11-25","La Liga (Matchweek 14)","Rayo Vallecano","4-4-2",33,231,322,72,23,1,7,428,22,6,12,15,2,11,14,68,"3","0","Barcelona","4-2-3-1",67,564,640,88,13,4,12,745,15,6,7,12,2,5,20,52,"4","0","https://fbref.com/en/matches/01f34256/Rayo-Vallecano-Barcelona-November-25-2023-La-Liga"
"La Liga","2023-08-14","La Liga (Matchweek 1)","Cádiz","4-4-2",45,226,337,67,19,2,12,430,13,5,19,26,2,6,22,78,"3","1","Alavés","5-4-1",55,302,417,72,15,4,24,495,9,11,26,14,2,7,22,76,"2","0","https://fbref.com/en/matches/c36e6859/Cadiz-Alaves-August-14-2023-La-Liga"
"La Liga","2024-02-04","La Liga (Matchweek 23)","Real Betis","4-2-3-1",54,356,486,73,9,3,11,619,23,14,20,25,4,6,24,70,"7","0","Getafe","4-4-2",46,270,409,66,19,5,17,536,20,10,24,28,7,7,27,70,"4","0","https://fbref.com/en/matches/faf7791c/Real-Betis-Getafe-February-4-2024-La-Liga"
"La Liga","2024-02-10","La Liga (Matchweek 24)","Alavés","4-2-3-1",51,321,432,74,7,10,34,534,13,7,10,20,2,10,22,90,"0","0","Villarreal","4-4-2",49,325,420,77,11,9,19,534,11,7,18,34,1,9,15,64,"2","0","https://fbref.com/en/matches/df1c317c/Alaves-Villarreal-February-10-2024-La-Liga"
"La Liga","2024-03-17","La Liga (Matchweek 29)","Villarreal","4-4-2",52,412,513,80,12,5,14,610,10,7,21,16,1,6,19,67,"5","0","Valencia","4-4-2",48,345,466,74,12,2,18,567,22,12,10,11,2,7,23,78,"1","0","https://fbref.com/en/matches/d88d960f/Villarreal-Valencia-March-17-2024-La-Liga"
"La Liga","2023-11-04","La Liga (Matchweek 12)","Celta Vigo","4-4-2",39,287,387,74,14,4,17,516,11,5,14,40,1,8,20,73,"3","1","Sevilla","4-3-3",61,485,608,80,10,6,42,710,12,7,16,19,1,10,31,77,"5","0","https://fbref.com/en/matches/133dffca/Celta-Vigo-Sevilla-November-4-2023-La-Liga"
"La Liga","2024-01-04","La Liga (Matchweek 19)","Osasuna","4-3-3",52,438,560,78,14,5,16,656,12,5,23,12,0,7,22,81,"1","0","Almería","4-2-3-1",48,400,521,77,5,4,14,618,11,8,22,21,3,14,15,93,"2","0","https://fbref.com/en/matches/2d6bd38e/Osasuna-Almeria-January-4-2024-La-Liga"
"La Liga","2024-03-31","La Liga (Matchweek 30)","Real Madrid","4-2-2-2",58,600,681,88,9,4,10,773,9,11,8,20,1,8,16,57,"2","0","Athletic Club","4-2-3-1",42,391,485,81,13,7,22,572,24,12,2,10,0,6,15,40,"1","0","https://fbref.com/en/matches/cb8f8470/Real-Madrid-Athletic-Club-March-31-2024-La-Liga"
"La Liga","2024-04-13","La Liga (Matchweek 31)","Cádiz","4-4-2",38,271,379,72,17,8,25,487,21,8,16,22,5,8,20,84,"3","0","Barcelona","4-3-3",62,505,609,83,15,4,15,716,14,4,8,21,2,12,22,78,"3","0","https://fbref.com/en/matches/a4bd2f2a/Cadiz-Barcelona-April-13-2024-La-Liga"
"La Liga","2024-01-03","La Liga (Matchweek 19)","Real Madrid","4-2-2-2",67,612,691,89,5,5,22,805,10,12,8,16,0,5,28,65,"2","0","Mallorca","5-4-1",33,249,347,72,15,4,21,451,18,4,13,28,0,13,23,79,"3","0","https://fbref.com/en/matches/a68c4db0/Real-Madrid-Mallorca-January-3-2024-La-Liga"
"La Liga","2023-10-21","La Liga (Matchweek 10)","Celta Vigo","4-3-3",36,375,456,82,10,7,27,548,10,6,3,14,0,4,10,47,"3","1","Atlético Madrid","3-5-2",64,723,807,90,10,5,12,912,15,9,2,30,6,10,14,51,"2","0","https://fbref.com/en/matches/7e7af068/Celta-Vigo-Atletico-Madrid-October-21-2023-La-Liga"
"La Liga","2024-01-13","La Liga (Matchweek 20)","Las Palmas","4-3-3",54,481,565,85,13,4,9,665,19,10,6,20,0,12,10,52,"4","0","Villarreal","4-4-2",46,386,475,81,11,6,24,568,15,8,8,17,8,5,25,40,"3","0","https://fbref.com/en/matches/2328243e/Las-Palmas-Villarreal-January-13-2024-La-Liga"
"La Liga","2023-09-26","La Liga (Matchweek 7)","Mallorca","5-3-2",31,164,278,59,19,7,14,391,28,13,20,15,6,12,11,79,"5","1","Barcelona","4-3-3",69,524,621,84,7,2,11,734,13,7,19,13,1,3,22,55,"1","0","https://fbref.com/en/matches/c95852d8/Mallorca-Barcelona-September-26-2023-La-Liga"
"La Liga","2023-10-23","La Liga (Matchweek 10)","Valencia","4-2-3-1",61,507,590,86,16,4,14,672,13,7,12,16,4,4,15,58,"0","0","Cádiz","4-4-2",39,278,371,75,16,5,23,451,14,7,14,14,2,10,13,79,"3","1","https://fbref.com/en/matches/39c4605e/Valencia-Cadiz-October-23-2023-La-Liga"
"La Liga","2024-04-21","La Liga (Matchweek 32)","Real Madrid","4-1-2-1-2",47,441,505,87,11,2,9,602,19,5,4,18,1,10,17,55,"3","0","Barcelona","4-3-3",53,506,575,88,12,8,18,676,15,11,6,14,2,6,18,49,"2","0","https://fbref.com/en/matches/9699d0ae/El-Clasico-Real-Madrid-Barcelona-April-21-2024-La-Liga"
"La Liga","2023-10-29","La Liga (Matchweek 11)","Atlético Madrid","3-5-2",63,682,774,88,10,4,16,884,14,1,11,26,5,6,17,50,"3","0","Alavés","4-2-3-1",37,352,448,79,11,4,27,546,11,6,6,18,1,8,17,64,"2","0","https://fbref.com/en/matches/a4771eec/Atletico-Madrid-Alaves-October-29-2023-La-Liga"
"La Liga","2023-11-26","La Liga (Matchweek 14)","Real Betis","4-2-3-1",39,352,442,80,7,7,13,566,19,10,8,29,5,10,13,56,"1","0","Las Palmas","4-1-4-1",61,579,678,85,12,6,25,795,24,5,8,13,4,5,14,42,"2","0","https://fbref.com/en/matches/835e91b9/Real-Betis-Las-Palmas-November-26-2023-La-Liga"
"La Liga","2023-11-24","La Liga (Matchweek 14)","Alavés","4-2-3-1",43,284,387,73,10,6,17,510,21,8,8,26,2,5,21,59,"1","0","Granada","4-3-3",57,420,515,82,13,2,17,646,22,10,16,18,1,7,27,76,"3","0","https://fbref.com/en/matches/7e1b64b6/Alaves-Granada-November-24-2023-La-Liga"
"La Liga","2024-03-17","La Liga (Matchweek 29)","Atlético Madrid","3-4-3",41,305,400,76,15,7,20,497,14,7,7,14,8,8,14,59,"3","1","Barcelona","4-3-3",59,489,570,86,9,3,13,683,14,6,11,28,0,12,19,60,"1","0","https://fbref.com/en/matches/bccce279/Atletico-Madrid-Barcelona-March-17-2024-La-Liga"
"La Liga","2023-08-28","La Liga (Matchweek 3)","Getafe","4-4-2",47,226,351,64,13,4,12,454,7,11,28,24,0,9,28,94,"1","0","Alavés","4-3-3",53,270,401,67,15,5,24,510,16,8,24,18,3,11,31,98,"2","0","https://fbref.com/en/matches/74b34796/Getafe-Alaves-August-28-2023-La-Liga"
"La Liga","2023-12-19","La Liga (Matchweek 18)","Granada","4-1-4-1",52,450,559,81,10,6,29,666,17,7,12,15,2,5,32,70,"2","0","Sevilla","3-5-2",48,423,519,82,18,4,12,635,14,10,15,25,2,7,16,77,"1","0","https://fbref.com/en/matches/9a19af2d/Granada-Sevilla-December-19-2023-La-Liga"
"La Liga","2023-08-13","La Liga (Matchweek 1)","Celta Vigo","4-4-2",53,414,531,78,11,7,22,622,8,11,15,12,6,10,30,65,"1","0","Osasuna","4-3-3",47,344,468,74,15,2,15,568,18,14,15,20,1,13,19,104,"1","0","https://fbref.com/en/matches/8689fb39/Celta-Vigo-Osasuna-August-13-2023-La-Liga"
"La Liga","2023-09-22","La Liga (Matchweek 6)","Alavés","4-2-3-1",44,294,422,70,13,3,17,542,18,8,16,19,4,12,25,82,"3","0","Athletic Club","4-2-3-1",56,429,547,78,9,4,15,688,13,3,16,29,0,8,32,89,"2","0","https://fbref.com/en/matches/b058555b/Alaves-Athletic-Club-September-22-2023-La-Liga"
"La Liga","2024-03-10","La Liga (Matchweek 28)","Real Madrid","4-3-1-2",62,604,674,90,8,12,22,799,22,11,9,8,0,6,12,43,"2","0","Celta Vigo","5-3-2",38,331,405,82,13,1,10,517,21,9,3,21,0,10,23,52,"3","0","https://fbref.com/en/matches/e829e739/Real-Madrid-Celta-Vigo-March-10-2024-La-Liga"
"La Liga","2023-11-03","La Liga (Matchweek 12)","Las Palmas","4-5-1",52,488,583,84,12,3,12,716,13,12,5,29,1,1,17,51,"0","0","Atlético Madrid","5-3-2",48,415,533,78,9,4,17,633,23,4,16,17,3,10,24,69,"3","0","https://fbref.com/en/matches/52e1b035/Las-Palmas-Atletico-Madrid-November-3-2023-La-Liga"
"La Liga","2024-03-16","La Liga (Matchweek 29)","Athletic Club","4-2-3-1",59,501,606,83,7,5,18,719,11,5,17,9,6,3,17,53,"1","0","Alavés","4-2-3-1",41,291,415,70,13,4,15,518,21,7,8,16,2,10,16,77,"3","0","https://fbref.com/en/matches/353fc7dc/Athletic-Club-Alaves-March-16-2024-La-Liga"
"La Liga","2024-01-31","La Liga (Matchweek 20)","Barcelona","4-3-3",68,592,676,88,9,6,19,774,12,8,13,16,4,6,21,49,"1","0","Osasuna","5-3-2",32,230,323,71,12,6,17,413,14,8,16,14,2,9,10,63,"3","1","https://fbref.com/en/matches/d6106b99/Barcelona-Osasuna-January-31-2024-La-Liga"
"La Liga","2023-11-26","La Liga (Matchweek 14)","Villarreal","4-4-2",45,401,495,81,9,2,11,607,11,10,11,30,3,11,21,58,"0","0","Osasuna","4-2-3-1",55,492,607,81,14,4,36,688,11,6,12,9,3,2,19,73,"0","0","https://fbref.com/en/matches/39aeccb8/Villarreal-Osasuna-November-26-2023-La-Liga"
"La Liga","2024-04-27","La Liga (Matchweek 33)","Las Palmas","4-5-1",61,540,658,82,12,4,19,745,16,11,7,10,3,7,37,64,"2","0","Girona","4-2-3-1",39,321,419,77,10,2,11,530,19,9,9,11,3,7,18,55,"3","0","https://fbref.com/en/matches/e996fa16/Las-Palmas-Girona-April-27-2024-La-Liga"
"La Liga","2023-11-26","La Liga (Matchweek 14)","Real Sociedad","4-4-2",49,331,442,75,22,4,11,549,15,2,24,24,0,6,30,77,"2","0","Sevilla","4-2-3-1",51,343,461,74,8,4,21,579,26,11,21,20,2,6,24,87,"1","2","https://fbref.com/en/matches/6693ba62/Real-Sociedad-Sevilla-November-26-2023-La-Liga"
"La Liga","2023-09-27","La Liga (Matchweek 7)","Real Madrid","4-3-1-2",48,534,618,86,7,7,16,723,12,7,5,8,6,8,17,40,"0","0","Las Palmas","4-5-1",52,615,680,90,9,2,8,823,24,7,3,26,2,4,8,37,"1","0","https://fbref.com/en/matches/73c339f6/Real-Madrid-Las-Palmas-September-27-2023-La-Liga"
"La Liga","2023-12-09","La Liga (Matchweek 16)","Mallorca","3-5-1-1",35,223,335,67,15,4,11,449,17,7,23,37,3,12,21,83,"2","0","Sevilla","4-3-3",65,525,636,83,6,12,42,755,16,9,21,18,1,3,18,83,"2","0","https://fbref.com/en/matches/7dacfd9b/Mallorca-Sevilla-December-9-2023-La-Liga"
"La Liga","2024-03-09","La Liga (Matchweek 28)","Cádiz","4-4-2",40,295,406,73,20,3,15,534,25,5,17,23,4,6,13,80,"4","0","Atlético Madrid","5-3-2",60,493,612,81,15,1,25,722,17,10,13,14,1,4,19,64,"5","0","https://fbref.com/en/matches/4626c60c/Cadiz-Atletico-Madrid-March-9-2024-La-Liga"
"La Liga","2023-09-23","La Liga (Matchweek 6)","Barcelona","4-3-3",74,767,858,89,10,2,21,941,11,7,13,9,2,8,20,54,"2","0","Celta Vigo","5-3-2",26,218,302,72,11,3,11,399,12,7,10,29,0,11,10,62,"1","0","https://fbref.com/en/matches/027eed9e/Barcelona-Celta-Vigo-September-23-2023-La-Liga"
"La Liga","2024-04-20","La Liga (Matchweek 32)","Valencia","4-4-2",54,390,502,78,18,7,29,617,20,8,18,9,5,5,28,78,"2","0","Real Betis","4-2-3-1",46,317,421,75,10,6,11,531,15,12,18,28,2,6,18,78,"3","0","https://fbref.com/en/matches/746db3ae/Valencia-Real-Betis-April-20-2024-La-Liga"
"La Liga","2024-01-27","La Liga (Matchweek 22)","Barcelona","4-3-3",70,612,712,86,8,10,25,830,15,10,9,10,0,0,16,62,"3","0","Villarreal","4-4-2",30,219,301,73,13,0,7,427,13,16,13,30,3,9,16,62,"4","0","https://fbref.com/en/matches/06120109/Barcelona-Villarreal-January-27-2024-La-Liga"
"La Liga","2023-08-27","La Liga (Matchweek 3)","Villarreal","4-4-2",40,344,413,83,12,2,8,527,16,5,13,22,5,4,14,56,"3","0","Barcelona","4-3-3",60,557,628,89,14,6,18,730,15,11,10,7,3,2,12,54,"3","0","https://fbref.com/en/matches/b10c7abc/Villarreal-Barcelona-August-27-2023-La-Liga"
"La Liga","2024-04-20","La Liga (Matchweek 32)","Rayo Vallecano","4-4-2",64,462,596,78,9,5,25,704,23,11,24,13,3,5,31,81,"4","0","Osasuna","4-3-3",36,208,337,62,15,1,10,445,16,9,12,26,3,14,24,98,"1","0","https://fbref.com/en/matches/cbed4286/Rayo-Vallecano-Osasuna-April-20-2024-La-Liga"
"La Liga","2023-11-25","La Liga (Matchweek 14)","Valencia","4-4-2",53,380,490,78,13,5,21,619,17,21,19,18,0,9,22,65,"3","0","Celta Vigo","4-4-2",47,312,439,71,7,7,17,573,28,11,17,22,1,9,22,83,"2","0","https://fbref.com/en/matches/c7b4a2f1/Valencia-Celta-Vigo-November-25-2023-La-Liga"
"La Liga","2023-10-28","La Liga (Matchweek 11)","Cádiz","4-4-2",34,204,315,65,17,2,13,448,32,7,10,22,3,4,9,83,"6","0","Sevilla","4-3-3",66,492,603,82,14,4,31,720,15,7,17,15,4,3,32,83,"4","0","https://fbref.com/en/matches/11176e0f/Cadiz-Sevilla-October-28-2023-La-Liga"
"La Liga","2024-02-11","La Liga (Matchweek 24)","Barcelona","4-3-3",65,569,672,85,13,6,17,762,14,6,15,11,3,8,24,65,"1","0","Granada","4-1-4-1",35,259,357,73,9,2,15,452,17,10,7,19,1,9,23,72,"3","0","https://fbref.com/en/matches/02934208/Barcelona-Granada-February-11-2024-La-Liga"
"La Liga","2024-01-13","La Liga (Matchweek 20)","Athletic Club","4-2-3-1",49,262,398,66,16,5,18,521,23,12,25,21,2,9,20,81,"1","0","Real Sociedad","4-1-4-1",51,285,414,69,21,5,15,539,18,11,30,29,0,4,25,59,"4","0","https://fbref.com/en/matches/cbde4eb0/Athletic-Club-Real-Sociedad-January-13-2024-La-Liga"
"La Liga","2024-01-02","La Liga (Matchweek 19)","Real Sociedad","4-3-3",53,306,424,72,9,6,20,520,19,6,37,15,0,5,30,82,"5","1","Alavés","4-2-3-1",47,272,369,74,17,4,17,491,14,4,21,34,0,13,24,72,"4","0","https://fbref.com/en/matches/57a94079/Real-Sociedad-Alaves-January-2-2024-La-Liga"
"La Liga","2023-10-02","La Liga (Matchweek 8)","Las Palmas","4-5-1",73,687,791,87,13,4,28,901,21,7,17,9,2,5,32,72,"2","0","Celta Vigo","5-3-2",27,193,286,67,14,5,12,423,18,13,9,33,2,9,13,67,"1","0","https://fbref.com/en/matches/b5b5ee07/Las-Palmas-Celta-Vigo-October-2-2023-La-Liga"
"La Liga","2024-02-25","La Liga (Matchweek 26)","Las Palmas","4-5-1",71,607,718,85,6,6,15,815,10,6,8,17,2,8,21,57,"2","0","Osasuna","3-5-2",29,183,290,63,15,7,22,392,17,6,14,25,3,6,22,84,"1","0","https://fbref.com/en/matches/cbe1823a/Las-Palmas-Osasuna-February-25-2024-La-Liga"
"La Liga","2023-10-08","La Liga (Matchweek 9)","Granada","5-4-1",20,131,205,64,12,1,6,339,16,7,5,34,2,12,13,57,"6","0","Barcelona","4-3-3",80,725,823,88,7,11,28,928,22,3,12,5,4,5,20,43,"1","0","https://fbref.com/en/matches/e2ce9278/Granada-Barcelona-October-8-2023-La-Liga"
"La Liga","2024-01-02","La Liga (Matchweek 19)","Valencia","4-4-2",45,363,450,81,12,4,14,538,15,10,10,14,1,6,19,52,"2","0","Villarreal","4-3-3",55,448,540,83,15,3,14,635,16,6,7,13,4,3,13,47,"5","0","https://fbref.com/en/matches/2a5dbe16/Valencia-Villarreal-January-2-2024-La-Liga"
"La Liga","2024-03-31","La Liga (Matchweek 30)","Alavés","4-2-3-1",41,246,366,67,10,3,12,466,16,9,18,19,3,10,25,99,"2","0","Real Sociedad","4-3-3",59,398,521,76,15,8,18,615,15,6,31,24,3,7,25,67,"2","0","https://fbref.com/en/matches/47e43855/Alaves-Real-Sociedad-March-31-2024-La-Liga"
"La Liga","2024-04-14","La Liga (Matchweek 31)","Las Palmas","4-5-1",63,579,666,87,8,6,20,728,8,4,2,6,2,9,31,47,"3","1","Sevilla","5-3-2",37,325,392,83,13,2,20,479,15,8,6,30,2,5,16,60,"3","0","https://fbref.com/en/matches/5a35c6d1/Las-Palmas-Sevilla-April-14-2024-La-Liga"
"La Liga","2024-02-12","La Liga (Matchweek 24)","Almería","4-2-3-1",39,266,361,74,17,4,12,504,18,10,13,41,2,5,19,75,"5","1","Athletic Club","4-2-3-1",61,435,567,77,15,10,43,668,20,7,24,14,3,4,26,61,"1","0","https://fbref.com/en/matches/aadff460/Almeria-Athletic-Club-February-12-2024-La-Liga"
"La Liga","2023-10-30","La Liga (Matchweek 11)","Granada","4-2-3-1",46,355,451,79,14,4,28,563,24,4,12,7,0,2,25,56,"0","0","Villarreal","4-4-2",54,450,537,84,15,1,8,645,11,10,10,33,4,9,22,60,"4","0","https://fbref.com/en/matches/c3aa20c5/Granada-Villarreal-October-30-2023-La-Liga"
"La Liga","2023-09-30","La Liga (Matchweek 8)","Girona","4-1-4-1",52,529,602,88,13,1,25,704,16,10,3,7,0,6,22,52,"2","0","Real Madrid","4-3-1-2",48,483,546,88,14,4,9,675,22,14,3,17,0,17,13,50,"2","1","https://fbref.com/en/matches/253621ab/Girona-Real-Madrid-September-30-2023-La-Liga"
"La Liga","2024-02-25","La Liga (Matchweek 26)","Cádiz","4-4-2",65,444,614,72,13,9,42,729,20,6,25,6,3,4,25,109,"2","0","Celta Vigo","4-4-2",35,183,328,56,20,1,4,456,16,4,38,38,2,16,18,89,"3","0","https://fbref.com/en/matches/81b6bcdb/Cadiz-Celta-Vigo-February-25-2024-La-Liga"
"La Liga","2023-10-01","La Liga (Matchweek 8)","Almería","4-3-3",49,301,402,75,18,1,23,500,16,8,17,13,0,11,18,72,"2","0","Granada","4-4-2",51,330,425,78,14,5,15,534,10,5,14,18,4,7,22,68,"1","0","https://fbref.com/en/matches/dd504406/Almeria-Granada-October-1-2023-La-Liga"
"La Liga","2024-01-27","La Liga (Matchweek 22)","Las Palmas","4-5-1",53,536,590,91,17,1,16,676,12,4,4,26,0,6,14,44,"3","0","Real Madrid","4-3-1-2",47,456,521,88,14,6,17,608,20,6,5,7,3,10,12,62,"3","0","https://fbref.com/en/matches/b61e3e2f/Las-Palmas-Real-Madrid-January-27-2024-La-Liga"
"La Liga","2024-04-21","La Liga (Matchweek 32)","Almería","4-2-3-1",57,475,551,86,10,5,23,644,9,5,9,13,1,9,19,77,"4","1","Villarreal","4-4-2",43,345,415,83,16,2,10,517,10,8,11,19,2,20,11,45,"4","0","https://fbref.com/en/matches/635dcbf9/Almeria-Villarreal-April-21-2024-La-Liga"
"La Liga","2023-11-04","La Liga (Matchweek 12)","Real Betis","4-2-3-1",57,445,527,84,13,6,16,637,13,6,14,20,2,9,16,61,"1","0","Mallorca","5-3-2",43,302,403,75,16,1,17,490,21,5,19,13,2,13,19,69,"5","1","https://fbref.com/en/matches/0d1db511/Real-Betis-Mallorca-November-4-2023-La-Liga"
"La Liga","2024-01-20","La Liga (Matchweek 21)","Celta Vigo","4-4-2",49,356,488,73,12,6,24,592,11,14,19,9,1,8,31,82,"1","0","Real Sociedad","5-3-2",51,387,517,75,18,3,10,638,22,11,17,32,1,6,31,78,"2","0","https://fbref.com/en/matches/261b5161/Celta-Vigo-Real-Sociedad-January-20-2024-La-Liga"
"La Liga","2024-02-26","La Liga (Matchweek 26)","Girona","4-2-3-1",54,478,565,85,13,2,22,645,17,8,10,11,4,5,13,50,"3","0","Rayo Vallecano","4-2-3-1",46,389,473,82,16,2,9,567,14,10,6,17,2,7,18,55,"6","1","https://fbref.com/en/matches/a07bda86/Girona-Rayo-Vallecano-February-26-2024-La-Liga"
"La Liga","2024-03-29","La Liga (Matchweek 30)","Cádiz","4-4-2",59,409,525,78,17,5,21,661,25,14,14,18,2,9,24,85,"2","0","Granada","5-4-1",41,250,366,68,14,2,14,498,24,6,6,16,1,11,19,81,"4","0","https://fbref.com/en/matches/8b40ebf8/Cadiz-Granada-March-29-2024-La-Liga"
"La Liga","2023-08-12","La Liga (Matchweek 1)","Real Sociedad","4-3-3",48,331,415,80,22,4,10,512,17,7,19,12,0,4,22,52,"2","0","Girona","4-1-4-1",52,369,458,81,9,1,14,548,15,4,18,14,3,16,23,67,"5","0","https://fbref.com/en/matches/706596c6/Real-Sociedad-Girona-August-12-2023-La-Liga"
"La Liga","2023-08-26","La Liga (Matchweek 3)","Sevilla","4-2-3-1",52,352,477,74,11,6,50,568,18,9,16,9,4,4,26,81,"2","0","Girona","4-1-4-1",48,347,445,78,18,6,12,576,11,8,15,47,1,14,13,52,"1","0","https://fbref.com/en/matches/3aed0598/Sevilla-Girona-August-26-2023-La-Liga"
"La Liga","2024-03-17","La Liga (Matchweek 29)","Las Palmas","4-5-1",65,548,664,83,8,11,33,758,11,4,16,14,3,0,22,49,"2","0","Almería","4-2-3-1",35,243,353,69,17,3,10,469,13,14,17,31,3,16,14,73,"2","0","https://fbref.com/en/matches/09fcfcbf/Las-Palmas-Almeria-March-17-2024-La-Liga"
"La Liga","2024-01-21","La Liga (Matchweek 21)","Girona","4-4-2",55,530,601,88,9,4,15,722,23,9,8,27,1,8,11,55,"0","0","Sevilla","5-3-2",45,405,487,83,11,5,27,581,19,6,3,13,1,4,20,61,"2","0","https://fbref.com/en/matches/001f02ea/Girona-Sevilla-January-21-2024-La-Liga"
"La Liga","2023-12-18","La Liga (Matchweek 17)","Girona","3-4-3",66,656,738,89,9,3,13,829,10,3,7,14,3,10,18,52,"0","0","Alavés","3-4-3",34,307,376,82,7,2,17,472,18,9,8,21,1,6,17,52,"1","0","https://fbref.com/en/matches/b26778b7/Girona-Alaves-December-18-2023-La-Liga"
"La Liga","2024-04-15","La Liga (Matchweek 31)","Osasuna","4-4-2",65,533,676,79,10,4,37,754,11,4,26,9,5,5,35,91,"0","0","Valencia","4-4-2",35,238,359,66,10,1,6,492,15,8,18,39,0,15,15,70,"2","0","https://fbref.com/en/matches/47963fdb/Osasuna-Valencia-April-15-2024-La-Liga"
"La Liga","2023-08-20","La Liga (Matchweek 2)","Barcelona","3-4-3",74,585,659,89,9,10,29,748,11,5,12,9,1,7,14,41,"4","0","Cádiz","4-4-2",26,151,229,66,22,2,15,316,11,8,15,20,1,12,13,78,"3","0","https://fbref.com/en/matches/312852e3/Barcelona-Cadiz-August-20-2023-La-Liga"
"La Liga","2024-03-11","La Liga (Matchweek 28)","Almería","4-2-3-1",45,349,456,77,6,1,14,583,7,6,22,30,2,7,27,68,"2","0","Sevilla","5-3-2",55,445,561,79,11,8,21,652,16,13,19,18,2,11,19,109,"1","0","https://fbref.com/en/matches/b60cb69e/Almeria-Sevilla-March-11-2024-La-Liga"
"La Liga","2023-11-11","La Liga (Matchweek 13)","Osasuna","4-2-3-1",46,338,474,71,25,8,29,578,13,6,31,8,1,2,21,103,"1","0","Las Palmas","4-1-4-1",54,438,563,78,10,3,10,689,20,6,20,30,3,10,18,59,"1","0","https://fbref.com/en/matches/52845bb5/Osasuna-Las-Palmas-November-11-2023-La-Liga"
"La Liga","2023-08-11","La Liga (Matchweek 1)","Sevilla","4-2-3-1",55,339,474,72,15,8,34,585,23,9,17,7,3,7,36,90,"3","1","Valencia","4-4-2",45,275,385,71,17,1,11,516,24,10,19,36,0,8,28,67,"2","0","https://fbref.com/en/matches/525758cc/Sevilla-Valencia-August-11-2023-La-Liga"
"La Liga","2024-04-14","La Liga (Matchweek 31)","Real Sociedad","4-4-2",50,359,468,77,16,5,31,563,17,4,12,14,2,4,25,72,"2","1","Almería","4-2-3-1",50,378,473,80,8,1,6,584,13,4,16,29,1,15,24,70,"2","0","https://fbref.com/en/matches/32b50c2a/Real-Sociedad-Almeria-April-14-2024-La-Liga"
"La Liga","2024-04-14","La Liga (Matchweek 31)","Athletic Club","4-2-3-1",53,449,542,83,13,3,25,646,11,13,5,12,1,5,19,54,"3","0","Villarreal","4-4-2",47,390,490,80,12,1,11,598,15,13,8,23,2,9,15,70,"4","1","https://fbref.com/en/matches/941a4629/Athletic-Club-Villarreal-April-14-2024-La-Liga"
"La Liga","2023-09-03","La Liga (Matchweek 4)","Osasuna","4-1-4-1",31,223,319,70,6,8,29,414,16,5,16,21,2,3,26,77,"2","1","Barcelona","4-3-3",69,618,694,89,16,5,16,818,20,8,15,28,2,3,21,38,"3","0","https://fbref.com/en/matches/de343043/Osasuna-Barcelona-September-3-2023-La-Liga"
"La Liga","2024-04-14","La Liga (Matchweek 31)","Granada","4-4-2",38,197,302,65,16,1,8,431,19,16,17,23,2,10,17,89,"3","0","Alavés","4-2-3-1",62,366,489,75,11,5,25,583,12,6,21,13,4,7,36,92,"2","0","https://fbref.com/en/matches/f08ebff7/Granada-Alaves-April-14-2024-La-Liga"
"La Liga","2023-09-27","La Liga (Matchweek 7)","Valencia","4-2-3-1",38,282,393,72,14,0,8,478,18,2,15,16,3,4,26,71,"5","1","Real Sociedad","4-3-3",62,535,646,83,17,2,11,738,16,11,27,15,2,5,26,83,"7","0","https://fbref.com/en/matches/572551e5/Valencia-Real-Sociedad-September-27-2023-La-Liga"
"La Liga","2024-02-03","La Liga (Matchweek 23)","Girona","4-2-3-1",49,358,441,81,8,3,11,546,23,3,15,19,4,11,20,53,"2","0","Real Sociedad","4-4-1-1",51,388,468,83,19,4,20,585,23,8,16,18,2,2,17,53,"3","0","https://fbref.com/en/matches/92a239f6/Girona-Real-Sociedad-February-3-2024-La-Liga"
"La Liga","2023-09-16","La Liga (Matchweek 5)","Celta Vigo","3-4-3",60,456,577,79,9,10,31,668,7,5,15,13,2,4,24,65,"1","0","Mallorca","5-4-1",40,292,382,76,15,1,6,513,17,15,19,32,0,13,26,65,"3","0","https://fbref.com/en/matches/1e04d474/Celta-Vigo-Mallorca-September-16-2023-La-Liga"
"La Liga","2023-09-28","La Liga (Matchweek 7)","Osasuna","4-3-3",55,447,570,78,14,7,38,649,11,8,20,9,2,3,26,74,"3","1","Atlético Madrid","5-3-2",45,366,472,78,4,2,3,587,12,4,12,35,5,13,14,66,"4","1","https://fbref.com/en/matches/006cb34c/Osasuna-Atletico-Madrid-September-28-2023-La-Liga"
"La Liga","2023-09-02","La Liga (Matchweek 4)","Real Sociedad","4-3-3",61,478,583,82,15,2,13,685,17,6,12,17,8,3,14,62,"1","0","Granada","3-4-3",39,255,372,69,14,5,20,458,10,3,14,18,5,9,20,87,"5","0","https://fbref.com/en/matches/e1fd4178/Real-Sociedad-Granada-September-2-2023-La-Liga"
"La Liga","2023-09-02","La Liga (Matchweek 4)","Real Betis","4-2-3-1",55,428,515,83,22,2,14,628,25,12,6,12,2,5,13,53,"3","0","Rayo Vallecano","4-4-2",45,319,420,76,20,3,13,517,22,3,10,15,4,7,26,70,"5","0","https://fbref.com/en/matches/b11051a5/Real-Betis-Rayo-Vallecano-September-2-2023-La-Liga"
"La Liga","2024-01-14","La Liga (Matchweek 20)","Cádiz","4-5-1",57,312,429,73,15,3,15,542,15,9,24,12,3,6,27,97,"4","0","Valencia","4-4-2",43,195,326,60,15,1,13,433,23,4,27,24,3,11,28,97,"2","0","https://fbref.com/en/matches/191bdef3/Cadiz-Valencia-January-14-2024-La-Liga"
"La Liga","2023-10-07","La Liga (Matchweek 9)","Mallorca","4-4-2",49,381,488,78,17,3,14,620,26,7,19,13,4,3,28,94,"2","0","Valencia","4-4-2",51,398,507,79,11,6,15,644,15,14,16,14,0,2,23,73,"1","0","https://fbref.com/en/matches/65eed22a/Mallorca-Valencia-October-7-2023-La-Liga"
"La Liga","2024-02-09","La Liga (Matchweek 24)","Cádiz","4-4-2",53,484,585,83,12,5,25,690,15,9,10,6,2,8,24,59,"1","0","Real Betis","4-2-3-1",47,433,524,83,10,3,11,647,21,9,12,30,0,8,22,57,"1","0","https://fbref.com/en/matches/4853d9e5/Cadiz-Real-Betis-February-9-2024-La-Liga"
"La Liga","2023-11-05","La Liga (Matchweek 12)","Valencia","4-4-2",51,330,442,75,20,0,6,559,22,12,10,20,1,5,31,77,"3","0","Granada","4-2-3-1",49,320,428,75,15,4,14,543,15,11,13,21,2,8,34,85,"5","0","https://fbref.com/en/matches/6bc552c2/Valencia-Granada-November-5-2023-La-Liga"
"La Liga","2024-03-02","La Liga (Matchweek 27)","Rayo Vallecano","4-2-3-1",53,351,486,72,14,4,17,621,18,4,16,40,0,9,24,89,"1","0","Cádiz","4-4-2",47,268,433,62,17,9,32,553,21,8,21,12,3,13,27,120,"1","0","https://fbref.com/en/matches/f374824a/Rayo-Vallecano-Cadiz-March-2-2024-La-Liga"
"La Liga","2024-03-02","La Liga (Matchweek 27)","Getafe","4-3-3",28,174,277,63,28,4,14,381,10,12,12,21,2,9,19,81,"4","0","Las Palmas","4-5-1",72,606,723,84,9,4,22,818,10,6,6,13,4,5,19,60,"1","0","https://fbref.com/en/matches/1f2c17eb/Getafe-Las-Palmas-March-2-2024-La-Liga"
"La Liga","2024-04-13","La Liga (Matchweek 31)","Mallorca","5-4-1",44,367,467,79,18,4,25,560,20,12,9,14,1,5,21,76,"2","0","Real Madrid","4-2-3-1",56,505,593,85,7,2,11,705,10,4,17,23,1,4,17,50,"1","0","https://fbref.com/en/matches/8887cd3f/Mallorca-Real-Madrid-April-13-2024-La-Liga"
"La Liga","2024-01-19","La Liga (Matchweek 21)","Alavés","4-2-3-1",49,265,376,70,15,4,29,470,12,1,18,24,1,9,31,77,"0","0","Cádiz","4-4-2",51,291,388,75,18,4,23,514,18,7,25,30,1,9,19,89,"4","0","https://fbref.com/en/matches/06721bb2/Alaves-Cadiz-January-19-2024-La-Liga"
"La Liga","2024-03-09","La Liga (Matchweek 28)","Valencia","4-4-2",51,323,444,73,10,5,17,577,14,3,13,39,2,10,23,76,"2","0","Getafe","4-4-2",49,296,427,69,19,5,33,560,18,12,31,15,2,9,25,110,"3","0","https://fbref.com/en/matches/f3a99bc6/Valencia-Getafe-March-9-2024-La-Liga"
"La Liga","2024-04-20","La Liga (Matchweek 32)","Girona","4-2-3-1",57,527,595,89,11,2,20,707,9,8,14,27,3,7,14,59,"1","0","Cádiz","4-4-2",43,363,449,81,14,4,25,529,20,10,7,15,1,7,17,58,"2","0","https://fbref.com/en/matches/6e1ed9b8/Girona-Cadiz-April-20-2024-La-Liga"
"La Liga","2024-01-03","La Liga (Matchweek 19)","Girona","4-4-1-1",52,470,536,88,8,7,21,664,12,7,9,35,0,9,11,48,"0","0","Atlético Madrid","3-1-4-2",48,421,504,84,10,8,26,613,21,4,7,20,2,4,4,48,"1","0","https://fbref.com/en/matches/1a18f1be/Girona-Atletico-Madrid-January-3-2024-La-Liga"
"La Liga","2024-04-13","La Liga (Matchweek 31)","Rayo Vallecano","4-4-2",63,370,489,76,17,3,24,582,16,2,24,12,4,9,20,85,"4","0","Getafe","4-4-1-1",37,169,282,60,19,0,6,379,19,7,16,26,2,10,12,91,"6","0","https://fbref.com/en/matches/1ebfb4e4/Rayo-Vallecano-Getafe-April-13-2024-La-Liga"
"La Liga","2024-02-01","La Liga (Matchweek 20)","Getafe","4-4-2",42,366,463,79,16,2,17,539,15,7,12,9,1,7,21,70,"1","0","Real Madrid","4-3-1-2",58,549,628,87,5,6,12,728,12,17,13,17,4,10,11,64,"2","0","https://fbref.com/en/matches/92a1197f/Getafe-Real-Madrid-February-1-2024-La-Liga"
"La Liga","2024-03-31","La Liga (Matchweek 30)","Girona","3-4-3",57,532,624,85,13,5,17,714,11,5,10,16,3,4,27,50,"3","0","Real Betis","4-1-4-1",43,378,467,81,14,4,12,567,20,12,9,21,2,5,15,61,"4","0","https://fbref.com/en/matches/43f30f97/Girona-Real-Betis-March-31-2024-La-Liga"
"La Liga","2023-10-27","La Liga (Matchweek 11)","Girona","3-4-3",65,552,652,85,15,10,32,742,11,3,15,15,0,2,24,81,"3","0","Celta Vigo","4-4-2",35,251,345,73,12,1,11,441,15,13,15,27,0,8,16,60,"2","0","https://fbref.com/en/matches/390bde4a/Girona-Celta-Vigo-October-27-2023-La-Liga"
"La Liga","2023-10-01","La Liga (Matchweek 8)","Real Betis","4-2-3-1",55,459,544,84,11,5,16,652,13,4,13,22,5,7,17,60,"2","0","Valencia","4-2-3-1",45,347,441,79,10,3,13,536,19,5,11,17,2,7,21,51,"2","0","https://fbref.com/en/matches/5668709c/Real-Betis-Valencia-October-1-2023-La-Liga"
"La Liga","2024-01-14","La Liga (Matchweek 20)","Almería","4-1-4-1",46,352,439,80,13,4,24,540,19,8,13,12,0,4,19,62,"4","0","Girona","4-4-1-1",54,429,516,83,8,3,19,616,11,10,9,20,1,14,19,66,"4","1","https://fbref.com/en/matches/ac070af0/Almeria-Girona-January-14-2024-La-Liga"
"La Liga","2023-12-09","La Liga (Matchweek 16)","Alavés","4-4-1-1",41,261,361,72,13,12,25,467,8,7,7,12,7,9,18,67,"3","0","Las Palmas","4-5-1",59,425,510,83,13,3,15,638,26,9,8,39,3,7,12,57,"4","0","https://fbref.com/en/matches/06bb7e90/Alaves-Las-Palmas-December-9-2023-La-Liga"
"La Liga","2024-02-25","La Liga (Matchweek 26)","Real Betis","4-2-3-1",57,506,615,82,14,5,10,721,18,10,18,20,2,3,17,62,"1","0","Athletic Club","4-2-3-1",43,349,462,76,12,3,19,549,8,10,10,10,2,7,31,69,"7","1","https://fbref.com/en/matches/05f0bbdc/Real-Betis-Athletic-Club-February-25-2024-La-Liga"
"La Liga","2024-04-21","La Liga (Matchweek 32)","Getafe","4-2-3-1",41,230,340,68,12,0,11,442,19,8,21,12,6,8,25,105,"0","0","Real Sociedad","4-3-3",59,378,497,76,18,4,11,585,22,3,19,17,2,7,26,75,"2","0","https://fbref.com/en/matches/c0cdba0e/Getafe-Real-Sociedad-April-21-2024-La-Liga"
"La Liga","2024-03-10","La Liga (Matchweek 28)","Real Betis","4-2-3-1",54,458,556,82,12,11,33,659,18,11,13,16,0,3,18,75,"4","1","Villarreal","4-4-2",46,400,480,83,17,4,12,598,15,11,12,27,2,8,18,46,"5","1","https://fbref.com/en/matches/a9c711a7/Real-Betis-Villarreal-March-10-2024-La-Liga"
"La Liga","2024-03-16","La Liga (Matchweek 29)","Mallorca","5-3-2",52,326,450,72,17,10,28,564,14,10,29,13,3,4,32,81,"2","0","Granada","4-4-2",48,316,418,76,9,2,11,543,18,8,16,30,0,10,19,67,"0","0","https://fbref.com/en/matches/62e3bbb2/Mallorca-Granada-March-16-2024-La-Liga"
"La Liga","2024-03-02","La Liga (Matchweek 27)","Sevilla","5-3-2",38,247,340,73,12,2,13,455,21,7,22,26,1,8,23,75,"1","0","Real Sociedad","4-1-3-2",62,445,558,80,15,5,13,675,29,6,19,13,6,8,25,65,"2","0","https://fbref.com/en/matches/94990b76/Sevilla-Real-Sociedad-March-2-2024-La-Liga"
"La Liga","2024-03-09","La Liga (Matchweek 28)","Girona","3-4-3",60,520,591,88,10,5,14,689,15,11,4,21,6,10,20,56,"3","0","Osasuna","3-5-1-1",40,315,393,80,16,7,26,480,19,7,9,12,2,3,15,58,"3","0","https://fbref.com/en/matches/0778b3ab/Girona-Osasuna-March-9-2024-La-Liga"
"La Liga","2023-08-14","La Liga (Matchweek 1)","Atlético Madrid","3-5-2",46,386,479,81,15,3,18,590,15,16,15,15,3,3,27,63,"3","0","Granada","5-3-2",54,458,561,82,9,3,12,657,20,4,9,15,0,12,18,77,"1","0","https://fbref.com/en/matches/a96e4e26/Atletico-Madrid-Granada-August-14-2023-La-Liga"
"La Liga","2023-10-08","La Liga (Matchweek 9)","Villarreal","4-2-3-1",49,374,461,81,17,7,19,542,16,9,9,10,4,6,20,57,"4","0","Las Palmas","4-5-1",51,398,472,84,7,2,11,593,34,15,3,13,5,5,12,55,"4","0","https://fbref.com/en/matches/539efe2f/Villarreal-Las-Palmas-October-8-2023-La-Liga"
"La Liga","2023-08-28","La Liga (Matchweek 3)","Rayo Vallecano","4-2-3-1",56,405,537,75,19,8,28,643,15,3,8,4,3,5,24,86,"4","0","Atlético Madrid","5-3-2",44,307,414,74,17,3,7,551,20,9,12,29,1,10,15,76,"3","0","https://fbref.com/en/matches/bec04e9b/Rayo-Vallecano-Atletico-Madrid-August-28-2023-La-Liga"
"La Liga","2023-08-19","La Liga (Matchweek 2)","Osasuna","4-3-3",63,474,608,78,9,5,39,717,13,15,20,10,2,7,28,103,"1","1","Athletic Club","4-2-3-1",37,249,361,69,14,3,13,495,22,11,19,40,0,11,13,71,"6","1","https://fbref.com/en/matches/0df06b3f/Osasuna-Athletic-Club-August-19-2023-La-Liga"
"La Liga","2023-08-11","La Liga (Matchweek 1)","Almería","4-2-3-1",60,448,532,84,16,8,26,650,17,4,11,14,1,2,19,63,"1","0","Rayo Vallecano","4-2-3-1",40,268,354,76,25,3,8,458,19,10,18,29,1,9,14,75,"3","0","https://fbref.com/en/matches/30d3212e/Almeria-Rayo-Vallecano-August-11-2023-La-Liga"
"La Liga","2023-12-21","La Liga (Matchweek 18)","Cádiz","4-4-2",40,223,323,69,16,7,23,459,20,13,28,27,1,6,19,76,"3","0","Real Sociedad","4-1-4-1",60,361,482,75,15,5,20,590,24,7,23,27,2,7,25,53,"1","0","https://fbref.com/en/matches/58612cde/Cadiz-Real-Sociedad-December-21-2023-La-Liga"
"La Liga","2023-11-10","La Liga (Matchweek 13)","Athletic Club","4-2-3-1",58,434,546,79,15,7,31,662,11,5,13,14,2,5,20,65,"2","0","Celta Vigo","4-4-2",42,288,403,71,13,2,8,527,16,8,19,33,3,7,18,64,"2","0","https://fbref.com/en/matches/bdde04ef/Athletic-Club-Celta-Vigo-November-10-2023-La-Liga"
"La Liga","2023-10-07","La Liga (Matchweek 9)","Sevilla","4-2-3-1",64,389,507,77,16,12,48,628,18,6,19,18,2,5,30,74,"5","0","Rayo Vallecano","4-4-2",36,184,291,63,19,2,13,432,12,5,14,56,1,18,21,71,"2","0","https://fbref.com/en/matches/faf557c5/Sevilla-Rayo-Vallecano-October-7-2023-La-Liga"
"La Liga","2024-02-04","La Liga (Matchweek 23)","Real Madrid","4-3-1-2",54,641,693,92,6,2,12,826,19,3,6,26,2,6,20,47,"0","0","Atlético Madrid","3-5-2",46,506,581,87,15,8,25,670,25,4,6,14,1,11,21,50,"4","0","https://fbref.com/en/matches/199f13ef/El-Derbi-Madrileno-Real-Madrid-Atletico-Madrid-February-4-2024-La-Liga"
"La Liga","2024-01-02","La Liga (Matchweek 19)","Getafe","4-4-2",38,228,340,67,16,2,13,417,9,4,15,11,3,8,22,86,"7","3","Rayo Vallecano","4-4-2",62,445,544,82,16,3,8,631,15,3,9,25,4,6,17,62,"3","0","https://fbref.com/en/matches/be4710dc/Getafe-Rayo-Vallecano-January-2-2024-La-Liga"
"La Liga","2024-03-10","La Liga (Matchweek 28)","Alavés","4-2-3-1",34,230,329,70,13,7,17,424,12,7,11,21,2,8,23,83,"2","0","Rayo Vallecano","4-2-3-1",66,519,625,83,10,5,21,720,13,6,15,13,4,12,13,71,"2","0","https://fbref.com/en/matches/fd381a48/Alaves-Rayo-Vallecano-March-10-2024-La-Liga"
"La Liga","2023-12-19","La Liga (Matchweek 18)","Atlético Madrid","3-5-2",42,318,421,76,6,1,7,552,9,5,15,44,10,15,14,57,"4","1","Getafe","4-4-2",58,477,591,81,14,12,34,693,10,9,12,6,0,4,20,87,"3","0","https://fbref.com/en/matches/23fb1e35/Atletico-Madrid-Getafe-December-19-2023-La-Liga"
"La Liga","2024-02-11","La Liga (Matchweek 24)","Getafe","4-4-2",48,292,440,66,16,0,12,561,22,13,20,16,3,6,29,96,"1","0","Celta Vigo","3-4-3",52,335,475,71,13,4,19,595,20,10,15,15,2,3,29,84,"2","0","https://fbref.com/en/matches/93f25b56/Getafe-Celta-Vigo-February-11-2024-La-Liga"
"La Liga","2023-11-12","La Liga (Matchweek 13)","Barcelona","4-2-3-1",71,691,793,87,11,2,24,894,16,6,14,10,3,8,15,45,"2","0","Alavés","5-4-1",29,209,317,66,10,1,9,417,11,6,17,27,2,13,8,73,"1","0","https://fbref.com/en/matches/3541e819/Barcelona-Alaves-November-12-2023-La-Liga"
"La Liga","2024-03-31","La Liga (Matchweek 30)","Celta Vigo","3-4-3",61,526,625,84,12,3,23,713,15,6,16,15,1,7,24,70,"3","0","Rayo Vallecano","4-2-3-1",39,312,406,77,16,2,14,509,18,10,14,24,1,8,19,55,"3","0","https://fbref.com/en/matches/b407fe75/Celta-Vigo-Rayo-Vallecano-March-31-2024-La-Liga"
"La Liga","2023-11-12","La Liga (Matchweek 13)","Atlético Madrid","3-5-2",50,517,608,85,8,6,37,706,7,5,8,5,7,4,14,43,"0","0","Villarreal","4-4-2",50,537,612,88,8,3,3,719,11,5,10,31,1,16,11,71,"2","0","https://fbref.com/en/matches/cadb3e6a/Atletico-Madrid-Villarreal-November-12-2023-La-Liga"
"La Liga","2023-09-16","La Liga (Matchweek 5)","Athletic Club","4-2-3-1",65,411,546,75,10,5,22,638,8,2,11,6,1,1,29,63,"1","0","Cádiz","4-4-2",35,182,295,62,20,4,9,420,14,10,17,36,4,14,21,83,"4","0","https://fbref.com/en/matches/9b96c6da/Athletic-Club-Cadiz-September-16-2023-La-Liga"
"La Liga","2023-09-30","La Liga (Matchweek 8)","Getafe","4-4-2",64,426,533,80,19,6,44,638,22,6,13,14,2,7,17,96,"2","0","Villarreal","4-4-2",36,209,302,69,11,4,11,424,16,9,18,28,1,21,18,86,"4","1","https://fbref.com/en/matches/2fbd5e47/Getafe-Villarreal-September-30-2023-La-Liga"
"La Liga","2024-02-24","La Liga (Matchweek 26)","Alavés","4-2-3-1",52,346,472,73,7,3,25,580,9,6,26,24,2,7,21,82,"0","0","Mallorca","5-4-1",48,321,441,73,15,3,19,561,10,9,32,27,0,9,23,80,"2","0","https://fbref.com/en/matches/24435ef9/Alaves-Mallorca-February-24-2024-La-Liga"
"La Liga","2023-10-22","La Liga (Matchweek 10)","Villarreal","3-1-4-2",68,540,629,86,15,9,29,734,10,7,17,17,2,11,22,59,"4","0","Alavés","4-2-3-1",32,200,299,67,10,3,15,416,26,9,7,26,1,4,18,66,"3","0","https://fbref.com/en/matches/f86dfb97/Villarreal-Alaves-October-22-2023-La-Liga"
"La Liga","2024-02-10","La Liga (Matchweek 24)","Real Sociedad","4-3-3",68,527,631,84,11,7,33,742,9,4,26,15,1,4,17,57,"0","0","Osasuna","5-3-2",32,196,299,66,11,4,9,422,16,9,24,35,2,14,16,93,"0","0","https://fbref.com/en/matches/38ef643d/Real-Sociedad-Osasuna-February-10-2024-La-Liga"
"La Liga","2024-02-19","La Liga (Matchweek 25)","Athletic Club","4-2-3-1",31,241,319,76,16,3,10,423,23,10,9,12,2,6,12,57,"1","0","Girona","4-2-3-1",69,632,718,88,13,4,14,806,12,6,7,9,3,7,22,48,"2","0","https://fbref.com/en/matches/cab3844e/Athletic-Club-Girona-February-19-2024-La-Liga"
"La Liga","2023-09-01","La Liga (Matchweek 4)","Almería","4-2-3-1",63,570,667,85,9,6,29,793,24,9,15,17,1,8,26,53,"1","0","Celta Vigo","5-4-1",37,308,399,77,9,5,23,526,18,9,8,33,3,9,24,54,"1","0","https://fbref.com/en/matches/979e8388/Almeria-Celta-Vigo-September-1-2023-La-Liga"
"La Liga","2023-11-11","La Liga (Matchweek 13)","Real Madrid","4-4-2",57,522,589,89,7,4,7,706,16,12,1,15,4,7,15,51,"1","0","Valencia","4-2-3-1",43,378,451,84,26,4,21,543,22,9,2,9,0,6,18,44,"3","0","https://fbref.com/en/matches/1cb4d5cc/Real-Madrid-Valencia-November-11-2023-La-Liga"
"La Liga","2023-12-10","La Liga (Matchweek 16)","Barcelona","4-3-3",54,500,576,87,7,8,26,684,18,1,18,13,1,8,22,41,"1","0","Girona","3-4-3",46,424,498,85,10,3,11,605,14,10,6,16,2,9,12,53,"2","0","https://fbref.com/en/matches/36e35f1b/Barcelona-Girona-December-10-2023-La-Liga"
"La Liga","2023-09-01","La Liga (Matchweek 4)","Cádiz","4-4-2",43,251,347,72,21,7,29,447,18,7,7,12,2,6,19,76,"5","0","Villarreal","4-3-3",57,385,466,83,15,3,9,573,8,3,16,31,2,12,22,54,"4","1","https://fbref.com/en/matches/eb5232b2/Cadiz-Villarreal-September-1-2023-La-Liga"
"La Liga","2024-03-04","La Liga (Matchweek 27)","Osasuna","4-2-3-1",55,366,508,72,15,5,20,622,17,5,26,19,0,3,32,100,"2","0","Alavés","4-3-3",45,296,418,71,11,5,27,552,11,8,15,34,2,8,20,84,"1","0","https://fbref.com/en/matches/9bee2dfe/Osasuna-Alaves-March-4-2024-La-Liga"
"La Liga","2023-10-21","La Liga (Matchweek 10)","Real Sociedad","4-4-2",56,330,441,75,14,2,11,569,12,6,30,25,1,5,23,75,"3","0","Mallorca","5-3-2",44,225,343,66,16,5,20,453,27,7,25,18,5,11,19,87,"3","0","https://fbref.com/en/matches/a4774fc2/Real-Sociedad-Mallorca-October-21-2023-La-Liga"
"La Liga","2024-04-28","La Liga (Matchweek 33)","Granada","4-4-2",38,281,383,73,17,0,8,494,15,9,18,19,5,7,22,67,"4","0","Osasuna","4-3-3",62,497,615,81,5,6,24,713,15,3,19,7,0,9,16,88,"0","0","https://fbref.com/en/matches/7e063e40/Granada-Osasuna-April-28-2024-La-Liga"
"La Liga","2024-01-12","La Liga (Matchweek 20)","Sevilla","4-4-2",68,515,622,83,12,5,29,727,13,5,26,10,5,5,29,92,"4","0","Alavés","4-2-3-1",32,201,294,68,13,4,17,434,16,11,11,32,0,16,13,82,"3","0","https://fbref.com/en/matches/dacf8559/Sevilla-Alaves-January-12-2024-La-Liga"
"La Liga","2024-01-03","La Liga (Matchweek 19)","Celta Vigo","4-4-2",40,284,374,76,10,8,19,515,27,12,13,23,2,6,18,51,"0","1","Real Betis","4-2-3-1",60,459,559,82,12,7,18,668,18,5,15,13,1,9,26,68,"2","0","https://fbref.com/en/matches/f235cb36/Celta-Vigo-Real-Betis-January-3-2024-La-Liga"
"La Liga","2023-10-21","La Liga (Matchweek 10)","Getafe","4-4-2",45,275,389,71,17,4,18,512,24,9,13,20,2,14,21,83,"5","0","Real Betis","4-2-3-1",55,357,457,78,11,8,17,576,17,11,16,14,1,6,21,66,"2","0","https://fbref.com/en/matches/0d187cb4/Getafe-Real-Betis-October-21-2023-La-Liga"
"La Liga","2023-09-17","La Liga (Matchweek 5)","Sevilla","4-2-3-1",43,285,404,71,13,7,34,550,25,14,10,20,6,11,17,65,"3","0","Las Palmas","4-2-3-1",57,420,526,80,12,3,12,665,16,6,11,29,0,10,33,63,"5","0","https://fbref.com/en/matches/b1d20065/Sevilla-Las-Palmas-September-17-2023-La-Liga"
"La Liga","2024-01-03","La Liga (Matchweek 19)","Granada","4-4-2",55,334,425,79,17,5,16,539,14,6,17,29,0,7,21,66,"3","0","Cádiz","4-4-2",45,246,353,70,16,6,26,446,16,9,11,13,3,9,26,99,"4","1","https://fbref.com/en/matches/81995a26/Granada-Cadiz-January-3-2024-La-Liga"
"La Liga","2023-08-27","La Liga (Matchweek 3)","Athletic Club","4-2-3-1",48,349,464,75,23,5,22,582,12,12,14,16,2,6,35,69,"4","0","Real Betis","4-2-3-1",52,389,504,77,11,3,11,635,19,8,12,31,2,13,18,69,"2","0","https://fbref.com/en/matches/d99a5d06/Athletic-Club-Real-Betis-August-27-2023-La-Liga"
"La Liga","2024-03-17","La Liga (Matchweek 29)","Rayo Vallecano","4-2-3-1",39,208,329,63,22,4,16,482,31,14,7,31,2,9,23,83,"4","0","Real Betis","4-2-3-1",61,380,523,73,16,8,19,629,21,8,15,20,2,2,38,88,"4","0","https://fbref.com/en/matches/8ace3465/Rayo-Vallecano-Real-Betis-March-17-2024-La-Liga"
"La Liga","2024-04-27","La Liga (Matchweek 33)","Almería","4-2-3-1",56,337,436,77,15,9,30,537,12,8,15,10,2,3,23,57,"6","1","Getafe","4-2-3-1",44,244,344,71,31,2,10,449,15,9,9,25,1,11,13,80,"4","0","https://fbref.com/en/matches/54592e27/Almeria-Getafe-April-27-2024-La-Liga"
"La Liga","2023-10-28","La Liga (Matchweek 11)","Barcelona","3-4-1-2",53,503,591,85,15,6,14,686,21,5,6,12,1,5,23,61,"2","0","Real Madrid","4-1-3-2",47,469,533,88,15,3,10,645,14,12,13,17,0,8,10,39,"1","0","https://fbref.com/en/matches/59b0e4f0/El-Clasico-Barcelona-Real-Madrid-October-28-2023-La-Liga"
"La Liga","2024-03-03","La Liga (Matchweek 27)","Atlético Madrid","3-5-2",42,372,481,77,9,4,13,608,18,11,16,26,3,9,10,64,"1","0","Real Betis","4-2-3-1",58,532,657,81,12,6,27,769,12,12,10,16,0,9,27,70,"2","0","https://fbref.com/en/matches/f887328c/Atletico-Madrid-Real-Betis-March-3-2024-La-Liga"
"La Liga","2023-11-04","La Liga (Matchweek 12)","Real Sociedad","4-3-3",51,351,442,79,16,8,20,543,20,4,13,11,2,4,20,67,"3","0","Barcelona","3-4-1-2",49,354,423,84,8,3,8,542,16,6,14,26,1,9,19,51,"3","0","https://fbref.com/en/matches/a81185c4/Real-Sociedad-Barcelona-November-4-2023-La-Liga"
"La Liga","2023-12-21","La Liga (Matchweek 18)","Mallorca","3-4-3",42,251,369,68,11,6,24,497,15,6,26,33,3,2,21,71,"3","0","Osasuna","4-3-3",58,385,505,76,12,0,21,622,16,11,26,27,0,11,29,81,"1","0","https://fbref.com/en/matches/cc0b697d/Mallorca-Osasuna-December-21-2023-La-Liga"
"La Liga","2023-12-17","La Liga (Matchweek 17)","Las Palmas","4-5-1",64,496,619,80,9,4,20,719,15,6,13,23,3,7,21,63,"1","0","Cádiz","4-4-2",36,235,352,67,12,6,27,470,19,9,18,24,5,8,24,92,"3","0","https://fbref.com/en/matches/08036869/Las-Palmas-Cadiz-December-17-2023-La-Liga"
